candidate_name,start of T90-F (UTC),T90-F,start of T90(UTC),T90,SNR
210701A,2021-07-01T19:34:57.841309,24.06,2021-07-01T19:35:10.129298,9.79,3.9
210702A,2021-07-02T00:23:44.208415,20.03,2021-07-02T00:23:51.120406,11.9,17.69
210702B,2021-07-02T13:40:13.633995,35.9,-,-,-
210703A,2021-07-03T00:22:14.944398,19.26,-,-,-
210703B,2021-07-03T01:21:26.414169,21.44,2021-07-03T01:21:35.182160,7.68,4.66
210703C,2021-07-03T02:53:57.376001,28.54,-,-,-
210703D,2021-07-03T03:14:50.528868,29.57,-,-,-
210703E,2021-07-03T04:48:31.556519,22.27,-,-,-
210703F,2021-07-03T06:29:43.865561,58.43,2021-07-03T06:29:50.777554,44.93,8.95
210703G,2021-07-03T06:38:56.937562,25.34,-,-,-
210703H,2021-07-03T08:36:49.824151,19.65,-,-,-
210703I,2021-07-03T13:31:50.032010,22.21,-,-,-
210703J,2021-07-03T14:34:26.736410,83.2,-,-,-
210704A,2021-07-04T04:48:17.502145,19.33,-,-,-
210704B,2021-07-04T07:49:48.500648,20.61,-,-,-
210704C,2021-07-04T08:42:18.416037,24.9,-,-,-
210706A,2021-07-06T07:13:19.188994,23.87,-,-,-
210706B,2021-07-06T18:20:02.033324,16.19,-,-,-
210706C,2021-07-06T21:48:30.000608,42.5,2021-07-06T21:48:39.792608,49.47,74.07
210707A,2021-07-07T01:53:52.437532,40.64,-,-,-
210707B,2021-07-07T07:17:20.001496,38.78,-,-,-
210707C,2021-07-07T10:57:55.613827,36.1,-,-,-
210707D,2021-07-07T11:19:32.784350,31.23,-,-,-
210707E,2021-07-07T17:25:49.569115,50.37,-,-,-
210707F,2021-07-07T22:24:57.500472,24.38,-,-,-
210708A,2021-07-08T07:01:54.064412,46.46,-,-,-
210708B,2021-07-08T16:54:31.360405,40.38,-,-,-
210709A,2021-07-09T03:15:41.258937,18.94,-,-,-
210709B,2021-07-09T09:01:24.945984,33.41,-,-,-
210709C,2021-07-09T12:36:42.912818,23.04,-,-,-
210709D,2021-07-09T16:57:20.351379,29.38,-,-,-
210710A,2021-07-10T02:50:45.816408,34.69,-,-,-
210710B,2021-07-10T03:25:02.401024,25.02,-,-,-
210710C,2021-07-10T07:30:52.392014,36.54,-,-,-
210710D,2021-07-10T23:41:57.677494,16.26,2021-07-10T23:42:06.829490,1.02,12.76
210711A,2021-07-11T03:08:21.840390,28.8,2021-07-11T03:08:30.736388,9.79,2.95
210711B,2021-07-11T08:07:40.256403,25.54,-,-,-
210711C,2021-07-11T14:57:47.231566,19.52,-,-,-
210712A,2021-07-12T23:49:38.736379,26.75,-,-,-
210713A,2021-07-13T06:04:38.064959,31.74,-,-,-
210713B,2021-07-13T09:40:32.256626,27.26,-,-,-
210713C,2021-07-13T13:41:24.480014,35.46,-,-,-
210713D,2021-07-13T19:22:53.313285,36.48,2021-07-13T19:23:16.353282,2.94,4.65
210713E,2021-07-13T23:06:35.490179,21.25,-,-,-
210715A,2021-07-15T00:28:18.305007,33.54,-,-,-
210715B,2021-07-15T07:27:07.120128,33.98,-,-,-
210715C,2021-07-15T22:20:20.044410,29.06,-,-,-
210716A,2021-07-16T00:07:32.448692,28.8,-,-,-
210716B,2021-07-16T00:32:20.352683,20.86,-,-,-
210716C,2021-07-16T04:32:13.040014,32.9,-,-,-
210716D,2021-07-16T18:44:44.275884,28.22,-,-,-
210716E,2021-07-16T19:29:19.906180,21.12,-,-,-
210717A,2021-07-17T04:19:35.120140,34.82,-,-,-
210717B,2021-07-17T04:56:59.999888,24.83,-,-,-
210717C,2021-07-17T18:33:19.034252,39.42,-,-,-
210717D,2021-07-17T23:26:39.279940,29.44,-,-,-
210717E,2021-07-17T23:46:54.655941,27.97,2021-07-17T23:47:04.831940,4.8,3.05
210718A,2021-07-18T02:16:39.776219,32.77,2021-07-18T02:16:52.000216,6.21,5.28
210718B,2021-07-18T09:09:38.128904,31.81,-,-,-
210718C,2021-07-18T09:57:30.160906,19.78,-,-,-
210718D,2021-07-18T20:23:24.816158,20.99,-,-,-
210719A,2021-07-19T06:05:32.272418,29.76,-,-,-
210719B,2021-07-19T12:41:04.504017,18.43,-,-,-
210720A,2021-07-20T02:58:04.383355,19.33,2021-07-20T02:58:13.983344,7.17,4.2
210720B,2021-07-20T03:12:46.833447,27.97,2021-07-20T03:12:52.017438,10.94,4.37
210720C,2021-07-20T03:33:10.081450,24.64,-,-,-
210720D,2021-07-20T06:24:06.928341,43.01,-,-,-
210720E,2021-07-20T11:07:18.625418,33.86,-,-,-
210720F,2021-07-20T12:16:34.017798,22.85,-,-,-
210720G,2021-07-20T13:19:10.001086,25.73,2021-07-20T13:19:28.305086,1.92,6.2
210720H,2021-07-20T16:08:40.300786,21.5,-,-,-
210720I,2021-07-20T18:01:02.032114,18.24,2021-07-20T18:01:08.496112,5.44,2.42
210720J,2021-07-20T18:34:21.360117,28.22,-,-,-
210720K,2021-07-20T18:52:32.016116,31.36,-,-,-
210720L,2021-07-20T19:50:17.819227,41.6,-,-,-
210721A,2021-07-21T01:16:56.224028,30.53,-,-,-
210721B,2021-07-21T02:34:06.832015,26.43,-,-,-
210721C,2021-07-21T19:18:01.166273,28.1,-,-,-
210721D,2021-07-21T21:49:04.433174,27.52,-,-,-
210721E,2021-07-21T23:05:35.216883,42.43,-,-,-
210722A,2021-07-22T19:04:04.157218,32.19,-,-,-
210722B,2021-07-22T19:05:41.933216,45.5,-,-,-
210722C,2021-07-22T19:13:27.533220,29.95,-,-,-
210723A,2021-07-23T00:25:58.593597,23.94,2021-07-23T00:26:06.529584,6.4,3.27
210723B,2021-07-23T00:32:00.001584,46.08,-,-,-
210723C,2021-07-23T06:13:53.504660,20.61,-,-,-
210723D,2021-07-23T09:24:40.000650,36.8,2021-07-23T09:24:59.200650,12.1,3.16
210723E,2021-07-23T15:28:41.180916,33.41,-,-,-
210723F,2021-07-23T17:07:56.555962,65.15,2021-07-23T17:08:14.987962,5.57,2.62
210723G,2021-07-23T18:56:59.999284,27.14,-,-,-
210723H,2021-07-23T19:17:54.304318,23.42,-,-,-
210723I,2021-07-23T20:25:38.578838,23.62,-,-,-
210723J,2021-07-23T22:57:30.270261,29.25,-,-,-
210724A,2021-07-24T00:41:30.547181,36.99,-,-,-
210724B,2021-07-24T05:02:45.696767,21.44,-,-,-
210724C,2021-07-24T05:33:33.184781,26.75,-,-,-
210724D,2021-07-24T16:54:35.675616,35.2,-,-,-
210724E,2021-07-24T18:45:20.882646,31.55,-,-,-
210724F,2021-07-24T20:13:21.285880,24.7,-,-,-
210724G,2021-07-24T21:07:38.032335,19.78,-,-,-
210724H,2021-07-24T21:50:59.470552,21.06,-,-,-
210725A,2021-07-25T00:28:02.928035,27.01,-,-,-
210725B,2021-07-25T09:34:51.203686,19.14,-,-,-
210725C,2021-07-25T10:48:06.400824,33.54,-,-,-
210725D,2021-07-25T17:12:03.888010,40.26,-,-,-
210727A,2021-07-27T00:53:07.217303,27.52,-,-,-
210727B,2021-07-27T14:06:20.912014,33.02,-,-,-
210727C,2021-07-27T17:01:40.001036,29.38,-,-,-
210727D,2021-07-27T18:12:13.232020,30.14,-,-,-
210728A,2021-07-28T01:21:55.040021,26.69,-,-,-
210728B,2021-07-28T01:43:18.432015,16.0,2021-07-28T01:43:28.672012,0.38,8.18
210728C,2021-07-28T16:18:46.194023,26.56,-,-,-
210728D,2021-07-28T22:22:12.448366,47.49,-,-,-
210729A,2021-07-29T06:42:34.034190,25.54,-,-,-
210729B,2021-07-29T17:33:52.689500,28.35,-,-,-
210730A,2021-07-30T14:11:16.801015,25.54,-,-,-
210730B,2021-07-30T16:43:23.872428,32.7,2021-07-30T16:43:48.000424,4.67,4.31
210731A,2021-07-31T12:04:49.742854,27.9,-,-,-
210731B,2021-07-31T15:41:44.432802,41.79,-,-,-
210731C,2021-07-31T19:11:50.000152,52.86,-,-,-
210801A,2021-08-01T13:51:17.199821,51.2,-,-,-
210801B,2021-08-01T16:13:53.664896,24.19,-,-,-
210801C,2021-08-01T19:21:03.168320,33.73,-,-,-
210802A,2021-08-02T03:08:25.488611,30.08,-,-,-
210802B,2021-08-02T07:32:07.488537,18.3,-,-,-
210802C,2021-08-02T12:01:00.304370,29.25,-,-,-
210802D,2021-08-02T14:55:58.700076,56.83,-,-,-
210802E,2021-08-02T15:35:08.464165,29.12,-,-,-
210802F,2021-08-02T16:42:27.090594,35.52,-,-,-
210802G,2021-08-02T21:57:04.049136,45.89,-,-,-
210802H,2021-08-02T22:56:00.235618,37.5,-,-,-
210803A,2021-08-03T13:03:45.194312,54.02,-,-,-
210803B,2021-08-03T13:53:15.194312,24.7,-,-,-
210804A,2021-08-04T03:42:29.104839,27.14,-,-,-
210804B,2021-08-04T11:22:24.771274,59.71,-,-,-
210804C,2021-08-04T14:27:43.153034,38.27,-,-,-
210804D,2021-08-04T14:31:12.657032,23.62,-,-,-
210804E,2021-08-04T20:13:17.680406,22.08,-,-,-
210804F,2021-08-04T22:44:50.000358,28.35,-,-,-
210805A,2021-08-05T00:08:46.480320,15.3,2021-08-05T00:08:55.888314,0.26,240.58
210805B,2021-08-05T16:54:34.176760,39.1,-,-,-
210805C,2021-08-05T17:40:19.053188,21.25,-,-,-
210805D,2021-08-05T20:45:28.657196,24.13,-,-,-
210805E,2021-08-05T22:20:40.624501,29.31,-,-,-
210805F,2021-08-05T23:03:59.040953,28.86,-,-,-
210806A,2021-08-06T14:46:21.193606,22.78,-,-,-
210806B,2021-08-06T15:02:42.976584,28.22,-,-,-
210806C,2021-08-06T23:11:50.000302,35.33,-,-,-
210807A,2021-08-07T10:31:27.388691,27.78,-,-,-
210807B,2021-08-07T10:58:30.751335,29.18,-,-,-
210807C,2021-08-07T14:01:41.584175,25.41,-,-,-
210807D,2021-08-07T23:37:41.392846,61.95,2021-08-07T23:37:44.592846,30.46,8.57
210807E,2021-08-07T23:38:45.776846,44.16,-,-,-
210808A,2021-08-08T08:08:12.552016,24.38,-,-,-
210808B,2021-08-08T10:29:31.605282,25.09,-,-,-
210808C,2021-08-08T10:43:12.101290,35.46,-,-,-
210808D,2021-08-08T12:14:41.697376,32.83,-,-,-
210808E,2021-08-08T12:22:51.025366,28.74,-,-,-
210808F,2021-08-08T13:04:49.680125,30.78,2021-08-08T13:04:59.472112,19.71,5.31
210809A,2021-08-09T08:23:44.374716,28.74,-,-,-
210809B,2021-08-09T08:38:08.006731,26.3,2021-08-09T08:38:11.590716,11.2,3.16
210809C,2021-08-09T10:25:36.584513,26.3,-,-,-
210809D,2021-08-09T10:39:22.120504,30.66,-,-,-
210809E,2021-08-09T11:05:35.808085,21.12,-,-,-
210809F,2021-08-09T13:48:30.437871,36.54,-,-,-
210809G,2021-08-09T16:12:48.689016,29.95,-,-,-
210809H,2021-08-09T17:54:00.000324,33.79,-,-,-
210810A,2021-08-10T07:07:11.072080,31.3,-,-,-
210810B,2021-08-10T07:35:18.000086,31.94,-,-,-
210810C,2021-08-10T09:49:15.396498,41.22,-,-,-
210810D,2021-08-10T15:08:10.001734,63.17,-,-,-
210811A,2021-08-11T11:14:42.047978,43.01,-,-,-
210811B,2021-08-11T11:20:43.919983,40.32,-,-,-
210811C,2021-08-11T11:44:10.367979,41.02,2021-08-11T11:44:36.095978,9.66,3.12
210811D,2021-08-11T14:39:49.027800,33.6,-,-,-
210811E,2021-08-11T22:55:50.000392,24.58,-,-,-
210812A,2021-08-12T12:01:22.928133,27.01,-,-,-
210812B,2021-08-12T16:53:33.136352,36.8,-,-,-
210813A,2021-08-13T06:28:27.296887,27.26,2021-08-13T06:28:36.384886,25.34,4.09
210813B,2021-08-13T09:09:04.401168,56.64,-,-,-
210813C,2021-08-13T20:33:28.832313,31.1,-,-,-
210814A,2021-08-14T07:29:48.577589,23.81,-,-,-
210814B,2021-08-14T08:22:41.776724,30.14,-,-,-
210814C,2021-08-14T09:13:40.000182,32.13,-,-,-
210816A,2021-08-16T05:12:59.932494,19.84,-,-,-
210816B,2021-08-16T10:38:44.749956,28.42,-,-,-
210816C,2021-08-16T13:12:04.528902,26.69,-,-,-
210817A,2021-08-17T03:18:44.186204,25.02,-,-,-
210817B,2021-08-17T06:53:46.573004,28.8,-,-,-
210817C,2021-08-17T17:05:36.434855,15.42,2021-08-17T17:05:46.290844,0.64,8.33
210818A,2021-08-18T08:37:02.017190,28.42,-,-,-
210818B,2021-08-18T12:43:52.352031,23.62,-,-,-
210818C,2021-08-18T16:09:36.784422,33.15,-,-,-
210818D,2021-08-18T19:57:29.695639,21.44,-,-,-
210819A,2021-08-19T02:12:07.569247,20.93,-,-,-
210819B,2021-08-19T03:01:12.593448,42.62,-,-,-
210819C,2021-08-19T03:13:40.001444,31.1,-,-,-
210819D,2021-08-19T04:53:38.630462,40.9,-,-,-
210819E,2021-08-19T09:48:43.042752,34.11,-,-,-
210819F,2021-08-19T14:08:58.256214,41.28,-,-,-
210819G,2021-08-19T16:52:39.184501,18.56,-,-,-
210819H,2021-08-19T17:57:36.287870,20.74,-,-,-
210820A,2021-08-20T02:04:16.976122,26.62,-,-,-
210820B,2021-08-20T03:15:46.768641,28.48,-,-,-
210820C,2021-08-20T15:46:59.648119,40.58,2021-08-20T15:47:15.712116,58.43,291.4
210820D,2021-08-20T19:42:03.505921,36.22,2021-08-20T19:42:13.489912,17.34,4.06
210820E,2021-08-20T19:43:00.001912,45.5,-,-,-
210821A,2021-08-21T02:50:21.719192,30.34,-,-,-
210821B,2021-08-21T05:20:55.360012,48.58,-,-,-
210821C,2021-08-21T11:08:58.257976,37.7,-,-,-
210821D,2021-08-21T15:50:47.841371,25.66,2021-08-21T15:50:50.273366,17.47,4.59
210821E,2021-08-21T18:19:19.217154,36.93,-,-,-
210821F,2021-08-21T18:50:02.161167,27.78,-,-,-
210822A,2021-08-22T00:32:50.598580,43.07,-,-,-
210822B,2021-08-22T02:11:59.657762,31.3,-,-,-
210825A,2021-08-25T23:39:31.401114,45.76,-,-,-
210826A,2021-08-26T05:12:12.273260,32.45,-,-,-
210826B,2021-08-26T16:24:04.816238,24.83,-,-,-
210827A,2021-08-27T00:27:52.560709,29.7,-,-,-
210827B,2021-08-27T02:10:16.354692,43.58,-,-,-
210827C,2021-08-27T03:18:10.304326,25.79,-,-,-
210827D,2021-08-27T12:33:24.032202,35.9,-,-,-
210827E,2021-08-27T13:22:50.000526,31.04,-,-,-
210827F,2021-08-27T17:15:05.120048,34.82,-,-,-
210827G,2021-08-27T20:08:32.464328,36.74,-,-,-
210827H,2021-08-27T22:31:28.465067,21.7,-,-,-
210827I,2021-08-27T23:37:49.291384,49.92,-,-,-
210828A,2021-08-28T02:01:41.345334,28.1,-,-,-
210828B,2021-08-28T04:16:58.364680,19.33,-,-,-
210828C,2021-08-28T06:03:16.896898,23.04,-,-,-
210828D,2021-08-28T06:06:10.752890,69.18,-,-,-
210828E,2021-08-28T06:10:14.880894,45.06,-,-,-
210828F,2021-08-28T06:11:34.224889,20.54,-,-,-
210829A,2021-08-29T00:51:04.684958,40.77,-,-,-
210829B,2021-08-29T04:09:38.960609,30.98,-,-,-
210829C,2021-08-29T05:12:25.040220,24.9,-,-,-
210829D,2021-08-29T10:10:13.952570,28.48,-,-,-
210829E,2021-08-29T12:05:59.408901,30.53,-,-,-
210830A,2021-08-30T02:38:55.237397,19.52,-,-,-
210830B,2021-08-30T09:05:36.945181,37.44,-,-,-
210830C,2021-08-30T11:53:14.513261,55.42,2021-08-30T11:53:18.545250,43.52,51.58
210830D,2021-08-30T13:26:12.288857,27.65,-,-,-
210830E,2021-08-30T13:32:48.064850,71.87,2021-08-30T13:32:55.104842,44.16,29.53
210830F,2021-08-30T18:30:28.496545,17.47,-,-,-
210830G,2021-08-30T20:24:23.960013,38.98,-,-,-
210831A,2021-08-31T02:03:10.336201,43.2,-,-,-
210831B,2021-08-31T04:00:18.608445,25.66,-,-,-
210831C,2021-08-31T14:17:21.280808,24.58,-,-,-
210831D,2021-08-31T19:15:38.113726,26.24,-,-,-
210831E,2021-08-31T20:11:30.808016,24.13,-,-,-
210831F,2021-08-31T20:42:05.873656,27.2,-,-,-
210831G,2021-08-31T22:30:11.924054,24.26,-,-,-
210901A,2021-09-01T02:01:32.880009,23.04,-,-,-
210901B,2021-09-01T08:22:50.000314,26.3,-,-,-
210901C,2021-09-01T17:34:29.806809,30.78,-,-,-
210901D,2021-09-01T22:51:36.726518,40.13,-,-,-
210901E,2021-09-01T23:02:52.064584,28.48,-,-,-
210901F,2021-09-01T23:20:00.000572,25.09,-,-,-
210902A,2021-09-02T06:08:29.968217,21.57,-,-,-
210902B,2021-09-02T18:44:19.450508,29.06,-,-,-
210902C,2021-09-02T23:44:24.371353,14.53,-,-,-
210903A,2021-09-03T00:21:55.936667,21.38,-,-,-
210903B,2021-09-03T04:44:59.665610,26.5,-,-,-
210903C,2021-09-03T06:55:24.160532,35.78,-,-,-
210903D,2021-09-03T07:44:50.000370,24.45,-,-,-
210903E,2021-09-03T18:28:29.490242,37.31,-,-,-
210903F,2021-09-03T20:00:02.881370,35.58,-,-,-
210904A,2021-09-04T03:23:44.400963,21.7,-,-,-
210904B,2021-09-04T06:20:35.696738,22.72,2021-09-04T06:20:45.424724,11.39,3.97
210905A,2021-09-05T00:12:13.776022,36.16,2021-09-05T00:12:21.200008,24.06,18.58
210905B,2021-09-05T09:46:08.081033,29.95,-,-,-
210905C,2021-09-05T13:37:57.904457,39.55,-,-,-
210905D,2021-09-05T19:35:32.792045,23.23,-,-,-
210906A,2021-09-06T01:06:34.753136,27.2,-,-,-
210906B,2021-09-06T02:23:25.265642,38.85,-,-,-
210906C,2021-09-06T16:15:27.595772,36.61,-,-,-
210907A,2021-09-07T03:28:49.760055,20.03,-,-,-
210907B,2021-09-07T14:48:22.639775,24.38,-,-,-
210907C,2021-09-07T18:14:47.585593,36.42,-,-,-
210907D,2021-09-07T19:12:40.935121,44.54,-,-,-
210907E,2021-09-07T19:27:46.215126,19.01,-,-,-
210907F,2021-09-07T20:54:43.923445,32.58,-,-,-
210908A,2021-09-08T22:19:58.592099,31.81,-,-,-
210909A,2021-09-09T01:07:20.609274,31.55,-,-,-
210909B,2021-09-09T04:27:03.920394,21.76,-,-,-
210909C,2021-09-09T15:28:55.639208,30.78,-,-,-
210909D,2021-09-09T20:31:09.969226,21.57,2021-09-09T20:31:22.577226,4.29,5.36
210909E,2021-09-09T20:57:55.761237,16.58,-,-,-
210910A,2021-09-10T01:04:24.321155,15.62,2021-09-10T01:04:32.065138,2.37,9.6
210910B,2021-09-10T01:08:30.801141,15.81,2021-09-10T01:08:40.337138,2.75,18.52
210910C,2021-09-10T01:17:09.073154,15.42,2021-09-10T01:17:18.993138,0.19,86.77
210910D,2021-09-10T01:18:44.481152,16.0,2021-09-10T01:18:53.505138,1.15,19.91
210910E,2021-09-10T01:21:40.001145,14.66,2021-09-10T01:21:48.321138,1.28,16.88
210910F,2021-09-10T01:31:30.193151,16.06,2021-09-10T01:31:39.921138,0.45,30.3
210910G,2021-09-10T01:34:08.945141,16.0,2021-09-10T01:34:18.737138,0.26,48.55
210910H,2021-09-10T02:03:17.889358,28.54,-,-,-
210910I,2021-09-10T02:44:24.673366,15.62,2021-09-10T02:44:34.017352,0.19,93.62
210910J,2021-09-10T04:27:21.968835,20.86,-,-,-
210910K,2021-09-10T13:40:10.683125,16.19,2021-09-10T13:40:20.155122,1.02,9.43
210910L,2021-09-10T17:16:30.416798,32.64,2021-09-10T17:16:53.776788,1.22,3.56
210910M,2021-09-10T18:40:50.563266,24.51,-,-,-
210910N,2021-09-10T18:50:00.563266,36.29,-,-,-
210910O,2021-09-10T20:06:42.155830,32.38,-,-,-
210910P,2021-09-10T22:39:08.305256,21.63,-,-,-
210911A,2021-09-11T00:12:00.240242,18.69,-,-,-
210911B,2021-09-11T05:48:00.832587,39.1,-,-,-
210911C,2021-09-11T13:34:16.132285,18.69,-,-,-
210911D,2021-09-11T13:48:36.100282,28.61,-,-,-
210911E,2021-09-11T15:06:33.441004,21.44,2021-09-11T15:06:43.169002,0.38,476.4
210911F,2021-09-11T15:17:36.065005,15.1,2021-09-11T15:17:45.217002,0.38,305.72
210911G,2021-09-11T15:32:23.745006,15.81,2021-09-11T15:32:31.617002,2.43,31.77
210911H,2021-09-11T15:34:30.833009,15.1,2021-09-11T15:34:39.793002,3.71,16.57
210911I,2021-09-11T17:10:38.528756,30.91,2021-09-11T17:10:48.320750,0.9,28.35
210911J,2021-09-11T19:22:49.520966,19.78,-,-,-
210911K,2021-09-11T20:13:30.672047,15.55,2021-09-11T20:13:40.400030,0.32,70.92
210912A,2021-09-12T12:27:59.152865,30.78,-,-,-
210912B,2021-09-12T14:41:27.680692,39.55,-,-,-
210912C,2021-09-12T15:32:36.224096,27.65,-,-,-
210912D,2021-09-12T16:35:08.314202,45.57,-,-,-
210912E,2021-09-12T17:14:30.000114,34.3,-,-,-
210912F,2021-09-12T18:11:01.396202,15.94,-,-,-
210912G,2021-09-12T20:29:12.993005,25.92,-,-,-
210912H,2021-09-12T21:18:22.623608,41.86,-,-,-
210913A,2021-09-13T02:33:24.864734,21.18,2021-09-13T02:33:33.056720,12.61,29.52
210913B,2021-09-13T17:11:42.544031,27.26,-,-,-
210914A,2021-09-14T02:22:27.808460,32.13,-,-,-
210914B,2021-09-14T12:42:57.029762,29.5,2021-09-14T12:43:07.269762,11.52,3.86
210914C,2021-09-14T15:06:27.584895,25.54,-,-,-
210915A,2021-09-15T16:44:57.488213,29.57,-,-,-
210916A,2021-09-16T17:24:18.382941,50.75,-,-,-
210917A,2021-09-17T10:25:25.948020,23.1,-,-,-
210917B,2021-09-17T13:54:04.127080,30.27,-,-,-
210918A,2021-09-18T00:07:51.456721,28.48,-,-,-
210918B,2021-09-18T04:39:35.681021,29.44,-,-,-
210918C,2021-09-18T05:05:59.600567,30.34,-,-,-
210918D,2021-09-18T10:08:46.106535,33.86,-,-,-
210918E,2021-09-18T13:58:10.624110,44.03,-,-,-
210918F,2021-09-18T15:11:32.527451,32.13,-,-,-
210918G,2021-09-18T15:41:41.935459,28.93,-,-,-
210918H,2021-09-18T17:53:23.088164,28.99,-,-,-
210919A,2021-09-19T03:41:27.600409,28.1,-,-,-
210919B,2021-09-19T14:48:15.150024,39.04,-,-,-
210919C,2021-09-19T16:49:12.363583,23.49,-,-,-
210919D,2021-09-19T23:44:16.992575,42.94,-,-,-
210920A,2021-09-20T03:51:40.385231,24.26,-,-,-
210920B,2021-09-20T04:34:04.184494,45.25,-,-,-
210920C,2021-09-20T11:19:24.530248,59.65,-,-,-
210920D,2021-09-20T13:08:24.912018,34.69,-,-,-
210921A,2021-09-21T07:43:34.250956,31.04,-,-,-
210921B,2021-09-21T09:44:10.827337,34.11,-,-,-
210921C,2021-09-21T11:01:56.787444,40.32,-,-,-
210921D,2021-09-21T11:27:36.787444,30.46,-,-,-
210921E,2021-09-21T14:29:03.124513,22.4,-,-,-
210921F,2021-09-21T19:06:33.056148,23.42,-,-,-
210921G,2021-09-21T23:18:33.796602,46.14,-,-,-
210922A,2021-09-22T10:54:08.660979,43.39,-,-,-
210922B,2021-09-22T10:57:42.047699,52.54,-,-,-
210922C,2021-09-22T14:34:38.739387,34.75,-,-,-
210922D,2021-09-22T14:39:02.499376,20.86,-,-,-
210922E,2021-09-22T19:03:33.893003,34.88,-,-,-
210923A,2021-09-23T08:27:05.937690,24.0,-,-,-
210923B,2021-09-23T09:34:18.032395,30.85,-,-,-
210923C,2021-09-23T09:58:00.000208,30.91,-,-,-
210923D,2021-09-23T12:20:11.487852,31.1,-,-,-
210923E,2021-09-23T12:33:04.431852,16.13,-,-,-
210923F,2021-09-23T13:52:36.998984,25.15,-,-,-
210924A,2021-09-24T09:06:57.632710,18.94,-,-,-
210924B,2021-09-24T10:39:08.643981,26.3,-,-,-
210924C,2021-09-24T12:06:11.706164,20.99,-,-,-
210924D,2021-09-24T17:42:45.360208,24.58,-,-,-
210924E,2021-09-24T19:14:55.905404,25.09,-,-,-
210925A,2021-09-25T11:51:39.064090,28.29,-,-,-
210925B,2021-09-25T15:57:18.239717,51.71,-,-,-
210925C,2021-09-25T19:15:32.177918,49.92,2021-09-25T19:15:36.913918,43.07,54.17
210926A,2021-09-26T10:58:40.512467,27.39,-,-,-
210926B,2021-09-26T11:36:34.519577,35.65,-,-,-
210926C,2021-09-26T15:44:15.265276,32.9,-,-,-
210926D,2021-09-26T21:05:30.673736,16.9,-,-,-
210926E,2021-09-26T21:22:20.641739,23.62,-,-,-
210927A,2021-09-27T08:23:02.340068,29.89,-,-,-
210927B,2021-09-27T16:56:53.681346,24.13,-,-,-
210929A,2021-09-29T01:44:35.361726,16.32,-,-,-
210929B,2021-09-29T04:25:07.669154,29.12,-,-,-
210929C,2021-09-29T22:05:20.368966,35.46,-,-,-
210930A,2021-09-30T02:46:51.116151,32.96,2021-09-30T02:46:59.436148,7.1,9.87
210930B,2021-09-30T16:41:10.000192,36.03,-,-,-
210930C,2021-09-30T19:40:05.248231,24.13,-,-,-
211001A,2021-10-01T01:40:56.514250,23.42,-,-,-
211001B,2021-10-01T07:34:54.557865,30.27,-,-,-
211001C,2021-10-01T08:54:09.969168,25.15,-,-,-
211001D,2021-10-01T13:22:24.481718,35.46,-,-,-
211002A,2021-10-02T10:32:40.147606,47.3,-,-,-
211002B,2021-10-02T17:33:50.000034,45.82,-,-,-
211003A,2021-10-03T12:41:57.105158,16.51,-,-,-
211004A,2021-10-04T04:56:28.668496,32.13,-,-,-
211004B,2021-10-04T07:26:48.880125,36.54,-,-,-
211004C,2021-10-04T11:48:18.656308,28.35,-,-,-
211005A,2021-10-05T01:23:43.177128,22.59,-,-,-
211005B,2021-10-05T03:17:38.240047,35.52,-,-,-
211005C,2021-10-05T03:24:01.168056,35.2,-,-,-
211005D,2021-10-05T06:37:18.329975,28.93,2021-10-05T06:37:22.233974,31.81,2.74
211005E,2021-10-05T07:06:08.320430,21.44,-,-,-
211005F,2021-10-05T07:14:45.808425,53.5,-,-,-
211005G,2021-10-05T08:34:32.497621,57.15,-,-,-
211006A,2021-10-06T04:24:54.292826,32.77,-,-,-
211006B,2021-10-06T06:10:06.523777,28.1,-,-,-
211006C,2021-10-06T08:07:20.416088,25.86,-,-,-
211006D,2021-10-06T09:45:22.871300,37.12,-,-,-
211006E,2021-10-06T12:00:50.000454,36.42,-,-,-
211007A,2021-10-07T01:05:36.240931,53.7,-,-,-
211008A,2021-10-08T00:44:26.594404,18.3,-,-,-
211008B,2021-10-08T04:08:25.937463,17.66,-,-,-
211008C,2021-10-08T18:08:10.001880,20.54,-,-,-
211008D,2021-10-08T23:20:24.944154,44.99,-,-,-
211009A,2021-10-09T03:01:40.000662,38.34,-,-,-
211009B,2021-10-09T20:54:31.160555,26.94,-,-,-
211010A,2021-10-10T03:02:58.915145,31.17,-,-,-
211010B,2021-10-10T16:13:40.000628,19.97,-,-,-
211011A,2021-10-11T06:06:13.440291,66.5,-,-,-
211011B,2021-10-11T08:46:09.553313,40.38,-,-,-
211011C,2021-10-11T13:51:22.657946,25.09,-,-,-
211012A,2021-10-12T01:25:24.205522,47.81,-,-,-
211012B,2021-10-12T03:43:08.506054,29.57,-,-,-
211012C,2021-10-12T03:54:22.778057,40.32,-,-,-
211012D,2021-10-12T07:01:57.137013,30.59,-,-,-
211012E,2021-10-12T18:44:46.093814,28.61,-,-,-
211013A,2021-10-13T00:14:56.481549,23.62,-,-,-
211013B,2021-10-13T04:44:33.146783,37.25,-,-,-
211013C,2021-10-13T21:09:28.872016,24.06,-,-,-
211014A,2021-10-14T03:38:20.945518,33.6,-,-,-
211014B,2021-10-14T06:32:00.000404,33.28,-,-,-
211015A,2021-10-15T01:02:18.321939,31.62,-,-,-
211015B,2021-10-15T01:25:46.177935,27.2,-,-,-
211015C,2021-10-15T04:55:03.766558,28.54,-,-,-
211015D,2021-10-15T21:43:10.385781,20.61,-,-,-
211015E,2021-10-15T23:13:18.320302,31.62,-,-,-
211016A,2021-10-16T00:37:08.512045,32.77,-,-,-
211016B,2021-10-16T04:10:53.504447,24.32,-,-,-
211016C,2021-10-16T21:23:05.296129,31.81,-,-,-
211017A,2021-10-17T00:55:54.104231,38.53,-,-,-
211017B,2021-10-17T02:54:00.000216,32.9,-,-,-
211017C,2021-10-17T22:25:35.476036,77.63,-,-,-
211017D,2021-10-17T22:57:32.446751,24.96,-,-,-
211017E,2021-10-17T23:24:05.201356,26.94,-,-,-
211018A,2021-10-18T02:46:53.696022,44.54,-,-,-
211018B,2021-10-18T09:00:12.064580,18.11,-,-,-
211019A,2021-10-19T01:06:39.360767,31.04,-,-,-
211019B,2021-10-19T10:30:49.617466,21.95,-,-,-
211019C,2021-10-19T20:21:44.685128,41.66,-,-,-
211020A,2021-10-20T00:09:28.720027,22.46,-,-,-
211020B,2021-10-20T10:14:31.904644,28.03,-,-,-
211021A,2021-10-21T01:09:18.794998,49.66,-,-,-
211021B,2021-10-21T09:21:13.121300,23.23,-,-,-
211021C,2021-10-21T18:28:41.463198,30.98,-,-,-
211021D,2021-10-21T19:52:58.644736,61.25,-,-,-
211021E,2021-10-21T20:28:30.496846,33.34,-,-,-
211021F,2021-10-21T21:29:55.669520,30.59,-,-,-
211022A,2021-10-22T02:03:33.121207,15.94,2021-10-22T02:03:42.721198,6.34,4.89
211022B,2021-10-22T09:18:44.545138,28.03,-,-,-
211022C,2021-10-22T16:31:15.058673,32.51,-,-,-
211022D,2021-10-22T18:11:50.000016,22.4,-,-,-
211022E,2021-10-22T21:18:19.900018,24.7,-,-,-
211022F,2021-10-22T21:49:35.276019,32.96,-,-,-
211022G,2021-10-22T23:48:20.224812,19.71,-,-,-
211023A,2021-10-23T08:40:49.344137,30.59,-,-,-
211023B,2021-10-23T18:22:17.888463,24.96,-,-,-
211023C,2021-10-23T21:12:09.093982,25.86,-,-,-
211024A,2021-10-24T10:31:26.592016,25.34,-,-,-
211024B,2021-10-24T14:15:10.597616,26.56,-,-,-
211024C,2021-10-24T16:24:54.144174,23.23,-,-,-
211024D,2021-10-24T21:17:54.432580,24.19,-,-,-
211025A,2021-10-25T04:57:11.408205,38.53,-,-,-
211026A,2021-10-26T00:29:37.313709,27.14,-,-,-
211026B,2021-10-26T18:49:49.346447,30.02,-,-,-
211026C,2021-10-26T19:08:55.697031,51.01,-,-,-
211026D,2021-10-26T20:38:38.529128,35.9,-,-,-
211026E,2021-10-26T22:20:07.179613,16.7,-,-,-
211027A,2021-10-27T05:03:14.880304,39.55,-,-,-
211027B,2021-10-27T06:19:30.674589,32.06,-,-,-
211027C,2021-10-27T13:56:28.774373,33.79,-,-,-
211027D,2021-10-27T15:27:47.298065,41.6,-,-,-
211027E,2021-10-27T18:37:51.625724,23.68,-,-,-
211027F,2021-10-27T22:11:32.160227,27.78,-,-,-
211028A,2021-10-28T01:55:40.226092,19.71,-,-,-
211028B,2021-10-28T18:16:53.481332,49.6,-,-,-
211028C,2021-10-28T18:23:15.833341,38.46,-,-,-
211028D,2021-10-28T19:14:05.889240,34.05,-,-,-
211028E,2021-10-28T20:26:16.320352,23.62,-,-,-
211028F,2021-10-28T20:39:02.608351,27.33,-,-,-
211029A,2021-10-29T01:19:33.685072,20.29,-,-,-
211029B,2021-10-29T17:28:46.754982,20.54,-,-,-
211029C,2021-10-29T18:12:43.257660,36.8,-,-,-
211029D,2021-10-29T23:06:20.001046,18.3,-,-,-
211029E,2021-10-29T23:46:00.593058,19.14,-,-,-
211030A,2021-10-30T12:23:57.624015,29.31,-,-,-
211030B,2021-10-30T14:34:15.769442,30.4,-,-,-
211030C,2021-10-30T16:21:18.006991,34.94,2021-10-30T16:20:33.846982,69.44,106.32
211030D,2021-10-30T21:38:27.530854,30.91,-,-,-
211030E,2021-10-30T21:45:36.218870,21.25,-,-,-
211031A,2021-10-31T10:28:40.000359,39.94,-,-,-
211031B,2021-10-31T13:14:02.272344,15.55,2021-10-31T13:14:09.952340,4.03,4.08
211031C,2021-10-31T14:44:37.292501,32.51,-,-,-
211031D,2021-10-31T14:58:10.655546,49.28,-,-,-
211101A,2021-11-01T01:32:00.001530,39.68,2021-11-01T01:32:08.577530,24.19,28.15
211101B,2021-11-01T12:43:39.741852,27.9,-,-,-
211101C,2021-11-01T16:07:19.456256,37.76,-,-,-
211101D,2021-11-01T19:10:55.220711,16.0,-,-,-
211102A,2021-11-02T15:43:44.770451,46.53,-,-,-
211103A,2021-11-03T13:47:53.010101,26.24,-,-,-
211103B,2021-11-03T14:46:57.792041,31.74,-,-,-
211105A,2021-11-05T10:01:20.145721,33.28,-,-,-
211105B,2021-11-05T13:40:27.199169,20.67,-,-,-
211105C,2021-11-05T13:56:05.487161,40.64,-,-,-
211105D,2021-11-05T13:58:57.282159,20.61,-,-,-
211105E,2021-11-05T20:50:28.384011,28.61,-,-,-
211106A,2021-11-06T06:21:06.492368,85.44,-,-,-
211106B,2021-11-06T07:13:34.656431,31.23,2021-11-06T07:13:38.944422,28.29,14.85
211106C,2021-11-06T14:41:18.821096,34.24,-,-,-
211107A,2021-11-07T09:57:11.925776,45.18,-,-,-
211107B,2021-11-07T16:46:07.080506,23.17,-,-,-
211107C,2021-11-07T18:36:28.256140,22.14,-,-,-
211107D,2021-11-07T19:30:10.000320,43.14,-,-,-
211108A,2021-11-08T10:52:02.182252,31.04,-,-,-
211108B,2021-11-08T22:18:15.424495,28.35,-,-,-
211109A,2021-11-09T02:47:16.784010,28.48,2021-11-09T02:47:28.240000,12.22,15.02
211109B,2021-11-09T06:03:06.944358,32.45,-,-,-
211109C,2021-11-09T10:51:37.786133,28.67,-,-,-
211109D,2021-11-09T12:28:59.000000,55.94,-,-,-
211109E,2021-11-09T16:29:36.544387,24.51,-,-,-
211110A,2021-11-10T10:26:51.891004,48.77,-,-,-
211110B,2021-11-10T15:42:13.470218,20.29,-,-,-
211110C,2021-11-10T17:17:34.272088,46.91,-,-,-
211110D,2021-11-10T18:51:40.832131,39.1,-,-,-
211111A,2021-11-11T10:11:32.639238,32.38,-,-,-
211111B,2021-11-11T19:57:11.857289,28.35,-,-,-
211111C,2021-11-11T20:34:33.969047,22.98,-,-,-
211112A,2021-11-12T10:10:52.992011,30.85,-,-,-
211112B,2021-11-12T10:54:46.272010,42.18,-,-,-
211112C,2021-11-12T11:56:33.934100,26.3,-,-,-
211112D,2021-11-12T12:30:42.832069,22.46,-,-,-
211112E,2021-11-12T21:14:53.344928,26.56,-,-,-
211113A,2021-11-13T03:08:08.806959,88.9,-,-,-
211113B,2021-11-13T04:54:47.875390,23.23,-,-,-
211113C,2021-11-13T10:19:38.545361,17.47,-,-,-
211113D,2021-11-13T11:50:17.941036,22.85,2021-11-13T11:49:42.805022,55.3,16.57
211113E,2021-11-13T15:11:08.544107,31.62,-,-,-
211113F,2021-11-13T15:16:49.424109,19.71,-,-,-
211114A,2021-11-14T06:17:07.601084,45.25,-,-,-
211114B,2021-11-14T07:54:00.299554,54.14,-,-,-
211114C,2021-11-14T07:57:26.367648,30.85,-,-,-
211114D,2021-11-14T08:39:33.888598,41.34,-,-,-
211114E,2021-11-14T09:53:11.771364,33.41,-,-,-
211114F,2021-11-14T10:16:04.754852,28.03,-,-,-
211114G,2021-11-14T13:17:49.952535,45.89,-,-,-
211115A,2021-11-15T00:08:40.176645,29.76,-,-,-
211115B,2021-11-15T08:00:50.000270,37.7,-,-,-
211115C,2021-11-15T13:49:46.288512,18.62,-,-,-
211115D,2021-11-15T16:15:30.000916,35.9,-,-,-
211116A,2021-11-16T02:28:22.131329,87.3,-,-,-
211116B,2021-11-16T04:14:47.190124,21.44,-,-,-
211116C,2021-11-16T08:01:20.016147,27.65,-,-,-
211116D,2021-11-16T08:40:37.376155,42.56,-,-,-
211116E,2021-11-16T11:19:40.144135,22.08,2021-11-16T11:19:48.720130,5.63,4.26
211116F,2021-11-16T18:02:56.513443,36.22,-,-,-
211116G,2021-11-16T18:05:42.129452,20.99,-,-,-
211116H,2021-11-16T22:52:16.062264,56.96,-,-,-
211116I,2021-11-16T22:53:23.134264,15.17,-,-,-
211117A,2021-11-17T06:33:06.688587,38.27,-,-,-
211117B,2021-11-17T06:43:58.688586,17.41,-,-,-
211117C,2021-11-17T09:23:56.369239,15.42,2021-11-17T09:24:05.841228,1.09,6.23
211117D,2021-11-17T09:26:53.489232,35.39,-,-,-
211117E,2021-11-17T15:19:40.976099,24.64,-,-,-
211119A,2021-11-19T13:01:44.464399,30.78,-,-,-
211120A,2021-11-20T01:38:12.273024,28.93,-,-,-
211120B,2021-11-20T02:10:58.240820,17.41,2021-11-20T02:11:08.416810,3.9,4.31
211120C,2021-11-20T03:30:41.917999,40.38,-,-,-
211120D,2021-11-20T05:19:10.001282,32.7,-,-,-
211121A,2021-11-21T01:54:06.677376,21.57,-,-,-
211121B,2021-11-21T03:08:27.052202,24.51,-,-,-
211121C,2021-11-21T03:11:04.396192,31.17,-,-,-
211121D,2021-11-21T03:27:34.396192,25.41,-,-,-
211121E,2021-11-21T05:17:50.336175,21.5,-,-,-
211121F,2021-11-21T08:38:44.369074,28.74,-,-,-
211121G,2021-11-21T15:20:13.232764,23.87,-,-,-
211121H,2021-11-21T23:36:10.807483,31.55,-,-,-
211121I,2021-11-21T23:53:32.775492,23.23,-,-,-
211122A,2021-11-22T05:27:34.064651,37.31,-,-,-
211122B,2021-11-22T09:25:21.486016,39.04,-,-,-
211123A,2021-11-23T02:50:06.276519,28.8,-,-,-
211123B,2021-11-23T14:42:22.576370,23.42,-,-,-
211123C,2021-11-23T23:51:44.020750,16.0,2021-11-23T23:51:53.748742,2.18,6.82
211124A,2021-11-24T00:11:39.464014,33.47,-,-,-
211124B,2021-11-24T03:32:31.073059,18.94,-,-,-
211124C,2021-11-24T04:26:45.744697,30.08,-,-,-
211124D,2021-11-24T05:44:00.781592,21.12,-,-,-
211124E,2021-11-24T06:29:18.434846,21.89,-,-,-
211124F,2021-11-24T12:15:58.416131,17.09,-,-,-
211124G,2021-11-24T12:58:36.446902,23.49,-,-,-
211125A,2021-11-25T02:13:29.100948,36.67,-,-,-
211125B,2021-11-25T03:20:49.472600,23.94,-,-,-
211125C,2021-11-25T04:19:48.528812,33.34,-,-,-
211126A,2021-11-26T03:37:50.244748,42.37,-,-,-
211126B,2021-11-26T04:17:23.392167,19.78,-,-,-
211126C,2021-11-26T06:11:19.312609,47.1,-,-,-
211126D,2021-11-26T12:37:04.736332,19.65,-,-,-
211127A,2021-11-27T22:36:09.373706,33.6,2021-11-27T22:36:15.389696,27.9,12.66
211128A,2021-11-28T14:58:18.975695,25.6,-,-,-
211128B,2021-11-28T17:20:31.664305,38.27,-,-,-
211128C,2021-11-28T21:25:01.432014,37.5,-,-,-
211129A,2021-11-29T21:11:56.720016,25.22,-,-,-
211130A,2021-11-30T01:08:44.240296,35.07,-,-,-
211130B,2021-11-30T01:24:16.976304,32.96,-,-,-
211130C,2021-11-30T02:10:02.528164,33.47,-,-,-
211130D,2021-11-30T04:37:01.797837,36.74,-,-,-
211130E,2021-11-30T09:13:03.985470,45.95,2021-11-30T09:13:01.233458,40.45,19.77
211130F,2021-11-30T15:19:50.192979,28.61,2021-11-30T15:19:50.064972,29.38,17.25
211130G,2021-11-30T20:00:50.000436,24.0,-,-,-
211130H,2021-11-30T23:34:51.052098,37.57,-,-,-
211201A,2021-12-01T01:03:50.848128,30.72,-,-,-
211201B,2021-12-01T02:29:28.611262,31.3,-,-,-
211201C,2021-12-01T10:00:50.000334,22.27,-,-,-
211201D,2021-12-01T19:48:17.957369,20.1,-,-,-
211201E,2021-12-01T21:42:26.020050,17.41,-,-,-
211201F,2021-12-01T21:49:47.236050,45.89,-,-,-
211201G,2021-12-01T22:56:59.999086,39.17,-,-,-
211201H,2021-12-01T23:08:35.216622,26.5,-,-,-
211202A,2021-12-02T00:41:24.731391,33.41,-,-,-
211202B,2021-12-02T21:24:34.486631,41.28,-,-,-
211203A,2021-12-03T19:33:56.561818,46.78,-,-,-
211203B,2021-12-03T22:33:06.081804,34.75,-,-,-
211204A,2021-12-04T03:37:21.798223,17.22,2021-12-04T03:37:29.222212,4.8,3.68
211204B,2021-12-04T03:43:13.494227,29.18,-,-,-
211204C,2021-12-04T22:19:33.226948,63.62,-,-,-
211205A,2021-12-05T02:53:34.976016,24.96,-,-,-
211205B,2021-12-05T08:07:34.832398,39.62,-,-,-
211205C,2021-12-05T19:08:10.000164,30.08,-,-,-
211205D,2021-12-05T19:18:42.496178,24.45,-,-,-
211205E,2021-12-05T22:16:35.025447,35.07,-,-,-
211205F,2021-12-05T22:42:35.633450,18.75,2021-12-05T22:42:31.921436,20.99,9.54
211205G,2021-12-05T22:47:15.521442,54.14,-,-,-
211206A,2021-12-06T02:21:25.698118,15.68,-,-,-
211206B,2021-12-06T18:46:22.681887,24.32,-,-,-
211206C,2021-12-06T19:17:39.777027,17.6,-,-,-
211206D,2021-12-06T20:22:30.030040,35.39,-,-,-
211206E,2021-12-06T22:54:55.040723,31.36,-,-,-
211207A,2021-12-07T20:27:29.904238,22.21,-,-,-
211207B,2021-12-07T20:52:32.528232,30.46,-,-,-
211207C,2021-12-07T21:34:34.815607,41.02,2021-12-07T21:34:54.335596,17.92,15.65
211207D,2021-12-07T22:19:41.617177,25.22,-,-,-
211207E,2021-12-07T23:20:10.770206,27.33,-,-,-
211208A,2021-12-08T04:42:17.968693,29.76,-,-,-
211208B,2021-12-08T09:01:32.624305,28.99,-,-,-
211208C,2021-12-08T13:54:13.780845,19.52,-,-,-
211208D,2021-12-08T16:32:38.046245,14.66,2021-12-08T16:32:45.918242,4.86,3.71
211208E,2021-12-08T18:10:27.280257,32.19,-,-,-
211208F,2021-12-08T21:48:47.697423,37.57,-,-,-
211209A,2021-12-09T07:07:46.785522,33.15,-,-,-
211209B,2021-12-09T14:43:10.185076,42.88,-,-,-
211209C,2021-12-09T20:07:43.200350,36.74,-,-,-
211209D,2021-12-09T23:48:57.584159,66.24,-,-,-
211210A,2021-12-10T00:05:59.568015,26.37,-,-,-
211210B,2021-12-10T00:50:18.095883,30.91,-,-,-
211210C,2021-12-10T02:20:24.688934,20.99,-,-,-
211210D,2021-12-10T19:21:42.967209,26.75,-,-,-
211211A,2021-12-11T05:39:49.632257,17.15,-,-,-
211211B,2021-12-11T08:24:51.330426,26.24,-,-,-
211211C,2021-12-11T17:56:10.384412,25.54,-,-,-
211211D,2021-12-11T22:48:23.413342,17.02,-,-,-
211212A,2021-12-12T17:32:25.512695,32.45,-,-,-
211213A,2021-12-13T13:45:06.586713,35.65,-,-,-
211213B,2021-12-13T13:52:01.498709,23.68,-,-,-
211213C,2021-12-13T16:54:41.883600,35.84,-,-,-
211213D,2021-12-13T18:39:03.247260,29.5,2021-12-13T18:39:19.951260,6.85,4.33
211215A,2021-12-15T00:08:19.920636,54.08,2021-12-15T00:08:38.800634,31.62,15.77
211215B,2021-12-15T00:13:00.272645,29.38,2021-12-15T00:13:01.872634,22.72,15.11
211216A,2021-12-16T11:16:58.593668,30.85,-,-,-
211216B,2021-12-16T13:39:53.280643,44.1,-,-,-
211216C,2021-12-16T15:25:58.400613,26.11,-,-,-
211216D,2021-12-16T16:59:06.048041,42.3,2021-12-16T16:59:08.800030,25.66,4.57
211216E,2021-12-16T17:02:09.504035,33.54,-,-,-
211217A,2021-12-17T18:29:40.080200,30.91,-,-,-
211219A,2021-12-19T12:25:25.424470,36.86,-,-,-
211219B,2021-12-19T18:09:03.457791,32.96,-,-,-
211220A,2021-12-20T07:02:10.937532,81.47,-,-,-
211220B,2021-12-20T13:48:31.676804,33.98,-,-,-
211220C,2021-12-20T14:03:16.480952,30.91,-,-,-
211220D,2021-12-20T16:56:59.998552,24.9,-,-,-
211220E,2021-12-20T20:02:06.544149,15.62,-,-,-
211220F,2021-12-20T20:08:47.952142,25.02,-,-,-
211221A,2021-12-21T01:11:57.872221,24.06,-,-,-
211221B,2021-12-21T12:23:52.272108,16.96,-,-,-
211221C,2021-12-21T13:31:17.168660,42.18,-,-,-
211222A,2021-12-22T03:02:17.424702,32.51,-,-,-
211222B,2021-12-22T10:12:32.880105,31.62,-,-,-
211222C,2021-12-22T12:14:10.848777,25.28,2021-12-22T12:14:08.416772,24.77,4.25
211222D,2021-12-22T13:14:06.487348,72.9,-,-,-
211222E,2021-12-22T14:27:48.160643,46.66,2021-12-22T14:27:56.416638,3.26,3.7
211222F,2021-12-22T14:51:01.418745,43.33,-,-,-
211223A,2021-12-23T04:43:08.119781,79.68,-,-,-
211223B,2021-12-23T06:22:32.298374,83.9,-,-,-
211224A,2021-12-24T09:29:21.169690,38.21,-,-,-
211224B,2021-12-24T14:53:28.720240,20.29,-,-,-
211225A,2021-12-25T20:56:31.024863,20.48,-,-,-
211225B,2021-12-25T22:03:22.816349,30.08,-,-,-
211226A,2021-12-26T04:02:32.665645,65.92,-,-,-
211226B,2021-12-26T07:29:05.427837,32.9,-,-,-
211226C,2021-12-26T08:21:01.568572,16.38,2021-12-26T08:21:11.168562,2.43,4.61
211226D,2021-12-26T08:22:08.048565,27.14,2021-12-26T08:22:16.432562,4.74,2.81
211226E,2021-12-26T19:44:24.609138,19.84,2021-12-26T19:44:32.033124,6.34,2.76
211226F,2021-12-26T21:24:14.864020,25.54,-,-,-
211226G,2021-12-26T22:48:11.267709,19.26,-,-,-
211227A,2021-12-27T02:51:14.890662,44.86,2021-12-27T02:51:29.610650,20.99,11.98
211227B,2021-12-27T10:37:54.545321,19.26,-,-,-
211228A,2021-12-28T08:03:42.672050,25.73,-,-,-
211228B,2021-12-28T12:00:50.001496,35.46,-,-,-
211229A,2021-12-29T15:03:19.680303,30.02,-,-,-
211229B,2021-12-29T16:28:57.698478,20.93,-,-,-
211229C,2021-12-29T21:57:32.767341,18.75,-,-,-
211229D,2021-12-29T22:26:30.000620,42.43,-,-,-
211229E,2021-12-29T22:43:18.688623,25.09,-,-,-
211230A,2021-12-30T06:29:37.626934,23.1,-,-,-
211230B,2021-12-30T09:21:18.468127,32.06,-,-,-
211230C,2021-12-30T10:58:10.112932,46.66,-,-,-
211230D,2021-12-30T13:39:52.604577,29.31,-,-,-
211231A,2021-12-31T01:15:23.595765,77.95,-,-,-
211231B,2021-12-31T10:01:34.032561,27.07,-,-,-
211231C,2021-12-31T15:20:17.585269,25.92,-,-,-
211231D,2021-12-31T19:55:00.672918,23.23,-,-,-
211231E,2021-12-31T22:39:07.728750,22.21,-,-,-
220101A,2022-01-01T02:46:20.557006,37.76,-,-,-
220101B,2022-01-01T06:17:58.334167,22.59,-,-,-
220101C,2022-01-01T07:42:03.606148,31.68,-,-,-
220101D,2022-01-01T15:58:38.592370,25.34,-,-,-
220101E,2022-01-01T21:51:59.088786,15.55,-,-,-
220102A,2022-01-02T03:38:47.912016,25.02,-,-,-
220102B,2022-01-02T05:58:00.000852,55.81,-,-,-
220102C,2022-01-02T09:38:23.450282,21.7,2022-01-02T09:38:33.178280,26.24,9.07
220102D,2022-01-02T11:14:30.002228,39.04,-,-,-
220102E,2022-01-02T11:53:00.002228,27.84,-,-,-
220102F,2022-01-02T12:06:48.004058,31.94,-,-,-
220102G,2022-01-02T15:21:25.248036,22.72,-,-,-
220102H,2022-01-02T19:39:45.120514,34.82,-,-,-
220103A,2022-01-03T04:12:40.000070,37.18,-,-,-
220103B,2022-01-03T04:59:53.347041,6.59,-,-,-
220103C,2022-01-03T05:32:24.000000,34.24,-,-,-
220103D,2022-01-03T07:53:44.522971,23.17,-,-,-
220103E,2022-01-03T10:53:41.557796,35.26,-,-,-
220104A,2022-01-04T02:06:04.738762,40.06,-,-,-
220104B,2022-01-04T06:00:56.816193,24.7,-,-,-
220104C,2022-01-04T06:06:48.064196,31.87,2022-01-04T06:06:55.040182,13.82,6.74
220104D,2022-01-04T07:02:02.144502,23.04,-,-,-
220104E,2022-01-04T07:30:18.032509,41.02,-,-,-
220104F,2022-01-04T09:13:05.088090,29.57,-,-,-
220104G,2022-01-04T13:42:00.000466,21.25,-,-,-
220105A,2022-01-05T05:28:58.446560,28.29,-,-,-
220105B,2022-01-05T08:42:04.532993,19.78,-,-,-
220105C,2022-01-05T12:32:28.896941,21.82,-,-,-
220105D,2022-01-05T22:14:25.472007,78.46,-,-,-
220106A,2022-01-06T11:15:00.529567,20.42,-,-,-
220106B,2022-01-06T15:28:41.217189,38.72,-,-,-
220107A,2022-01-07T02:25:15.104232,24.83,-,-,-
220107B,2022-01-07T05:02:51.296466,20.67,-,-,-
220107C,2022-01-07T09:51:57.444580,30.4,-,-,-
220108A,2022-01-08T02:53:38.184525,39.68,-,-,-
220108B,2022-01-08T03:47:41.072022,25.66,-,-,-
220108C,2022-01-08T05:08:23.344294,32.9,-,-,-
220108D,2022-01-08T11:48:55.568034,24.83,-,-,-
220108E,2022-01-08T14:12:24.402517,25.54,-,-,-
220108F,2022-01-08T22:02:34.592243,23.55,2022-01-08T22:02:36.704234,22.4,4.13
220109A,2022-01-09T09:59:09.504625,20.1,2022-01-09T09:59:18.144614,6.85,3.54
220109B,2022-01-09T11:41:29.747305,25.98,-,-,-
220109C,2022-01-09T21:21:21.368006,85.57,-,-,-
220110A,2022-01-10T13:04:24.724663,26.69,-,-,-
220110B,2022-01-10T15:29:05.920386,14.02,-,-,-
220110C,2022-01-10T15:28:07.104386,42.88,-,-,-
220111A,2022-01-11T02:36:37.922229,32.83,-,-,-
220111B,2022-01-11T07:29:16.161167,3.78,-,-,-
220111C,2022-01-11T15:57:50.592144,29.38,-,-,-
220111D,2022-01-11T19:14:23.224007,75.71,-,-,-
220112A,2022-01-12T01:07:52.305455,13.76,2022-01-12T01:08:01.457448,0.32,100.32
220112B,2022-01-12T01:51:27.000000,38.59,-,-,-
220112C,2022-01-12T12:23:07.248419,24.58,-,-,-
220112D,2022-01-12T13:15:45.392294,34.69,-,-,-
220112E,2022-01-12T13:20:54.208282,37.7,-,-,-
220112F,2022-01-12T13:21:46.816282,13.12,-,-,-
220112G,2022-01-12T14:59:29.281717,30.66,2022-01-12T14:59:40.353702,15.1,8.45
220112H,2022-01-12T15:52:03.569711,30.4,-,-,-
220112I,2022-01-12T18:11:53.680082,20.99,2022-01-12T18:12:02.256072,2.75,8.97
220113A,2022-01-13T00:45:24.454114,30.72,-,-,-
220113B,2022-01-13T03:39:21.612292,31.42,-,-,-
220113C,2022-01-13T03:41:29.212295,16.7,-,-,-
220113D,2022-01-13T05:43:25.696196,34.24,-,-,-
220113E,2022-01-13T06:18:57.264014,36.67,-,-,-
220113F,2022-01-13T08:34:05.714726,20.54,-,-,-
220113G,2022-01-13T13:40:00.801782,19.14,-,-,-
220113H,2022-01-13T15:13:01.504076,31.17,2022-01-13T15:13:21.088072,5.06,8.31
220113I,2022-01-13T17:09:59.397772,19.26,2022-01-13T17:10:01.061760,23.55,30.78
220114A,2022-01-14T01:24:18.000000,39.36,-,-,-
220114B,2022-01-14T01:37:43.552727,77.95,-,-,-
220114C,2022-01-14T05:24:23.008723,26.82,-,-,-
220114D,2022-01-14T20:46:23.913077,13.89,2022-01-14T20:46:32.873062,0.45,72.96
220115A,2022-01-15T01:10:37.299566,35.39,-,-,-
220115B,2022-01-15T03:20:26.689754,43.65,-,-,-
220115C,2022-01-15T05:19:28.210351,32.58,-,-,-
220115D,2022-01-15T08:25:46.704821,16.0,2022-01-15T08:25:55.152818,1.54,71.15
220115E,2022-01-15T08:45:30.864835,19.07,2022-01-15T08:45:40.592818,0.26,97.08
220115F,2022-01-15T13:12:57.280637,15.42,2022-01-15T13:13:05.280634,3.39,15.32
220115G,2022-01-15T14:48:52.240072,37.7,-,-,-
220115H,2022-01-15T18:21:15.568006,82.37,-,-,-
220115I,2022-01-15T19:19:36.656184,14.91,2022-01-15T19:19:45.936170,0.26,23.85
220115J,2022-01-15T21:52:08.570276,11.84,-,-,-
220116A,2022-01-16T00:36:09.792455,30.14,-,-,-
220116B,2022-01-16T02:15:42.768862,33.6,-,-,-
220116C,2022-01-16T07:55:10.803009,25.02,-,-,-
220116D,2022-01-16T07:58:42.689137,25.15,-,-,-
220116E,2022-01-16T07:59:32.863821,27.07,-,-,-
220116F,2022-01-16T08:03:50.481133,30.59,-,-,-
220116G,2022-01-16T18:07:52.370437,57.98,-,-,-
220117A,2022-01-17T00:10:27.041608,32.9,-,-,-
220117B,2022-01-17T00:43:47.480002,32.38,-,-,-
220117C,2022-01-17T16:18:53.187612,49.79,2022-01-17T16:19:06.499612,30.91,15.04
220118A,2022-01-18T00:57:59.998576,43.01,-,-,-
220118B,2022-01-18T02:08:18.000000,51.26,-,-,-
220118C,2022-01-18T07:38:50.593205,23.1,2022-01-18T07:38:56.801200,4.1,3.56
220118D,2022-01-18T07:53:42.945207,29.7,2022-01-18T07:53:44.673200,24.83,4.24
220118E,2022-01-18T11:59:02.594396,39.36,-,-,-
220118F,2022-01-18T21:30:32.170268,33.66,2022-01-18T21:30:40.426262,15.68,10.53
220118G,2022-01-18T22:58:17.511366,20.93,-,-,-
220118H,2022-01-18T23:45:16.144900,33.79,2022-01-18T23:45:29.648886,0.19,13.0
220119A,2022-01-19T07:46:58.400389,27.14,-,-,-
220119B,2022-01-19T09:43:37.280360,22.66,-,-,-
220120A,2022-01-20T05:58:02.879994,45.38,-,-,-
220120B,2022-01-20T06:01:46.848005,35.46,-,-,-
220120C,2022-01-20T08:27:41.953522,34.82,-,-,-
220120D,2022-01-20T19:39:08.128526,35.39,-,-,-
220120E,2022-01-20T20:33:35.088019,6.85,-,-,-
220120F,2022-01-20T20:44:50.842888,20.22,-,-,-
220120G,2022-01-20T21:15:10.256291,32.83,-,-,-
220120H,2022-01-20T22:33:40.799365,32.19,-,-,-
220121A,2022-01-21T00:17:14.209403,25.15,-,-,-
220121B,2022-01-21T02:42:08.832347,18.56,-,-,-
220121C,2022-01-21T03:05:52.640397,18.37,2022-01-21T03:05:54.624392,18.11,7.69
220121D,2022-01-21T09:05:41.058953,18.5,-,-,-
220121E,2022-01-21T09:50:45.826964,21.76,-,-,-
220121F,2022-01-21T21:58:00.000302,58.37,-,-,-
220121G,2022-01-21T23:53:21.386455,24.7,-,-,-
220122A,2022-01-22T00:25:56.048206,17.54,-,-,-
220122B,2022-01-22T02:12:10.704035,21.89,-,-,-
220122C,2022-01-22T03:03:58.160683,25.09,-,-,-
220122D,2022-01-22T10:28:07.873798,38.14,2022-01-22T10:28:06.401790,40.26,19.47
220123A,2022-01-23T06:39:21.120816,20.42,2022-01-23T06:39:25.792806,9.79,2.57
220123B,2022-01-23T15:59:03.104134,20.8,-,-,-
220123C,2022-01-23T19:56:35.547598,48.26,2022-01-23T19:56:43.291596,8.9,3.06
220124A,2022-01-24T10:58:14.744014,32.19,-,-,-
220124B,2022-01-24T19:52:27.428503,29.38,-,-,-
220124C,2022-01-24T22:58:41.663783,19.14,-,-,-
220125A,2022-01-25T06:11:34.928223,33.98,2022-01-25T06:11:44.272216,23.74,29.26
220125B,2022-01-25T09:57:34.592371,16.13,2022-01-25T09:57:44.064362,3.52,2.94
220125C,2022-01-25T14:59:24.737190,16.38,-,-,-
220125D,2022-01-25T15:07:49.553182,37.5,2022-01-25T15:07:50.321176,32.38,6.43
220126A,2022-01-26T11:10:50.000618,27.65,2022-01-26T11:11:06.768618,14.4,3.21
220126B,2022-01-26T16:03:30.000136,26.88,-,-,-
220126C,2022-01-26T16:30:18.992147,30.4,-,-,-
220126D,2022-01-26T21:34:57.600537,33.22,-,-,-
220127A,2022-01-27T00:35:10.017663,32.51,-,-,-
220127B,2022-01-27T02:46:43.744316,26.56,-,-,-
220127C,2022-01-27T08:44:42.289323,37.57,-,-,-
220127D,2022-01-27T14:43:34.432336,19.78,-,-,-
220128A,2022-01-28T03:02:28.640410,45.06,-,-,-
220128B,2022-01-28T07:56:19.408297,30.53,2022-01-28T07:56:29.968282,11.52,4.09
220128C,2022-01-28T10:56:06.668934,23.04,-,-,-
220128D,2022-01-28T15:27:07.185502,36.22,-,-,-
220128E,2022-01-28T19:43:08.224213,24.45,-,-,-
220129A,2022-01-29T01:37:37.584443,52.35,-,-,-
220129B,2022-01-29T05:29:10.000834,37.18,-,-,-
220129C,2022-01-29T17:22:04.784218,34.3,-,-,-
220130A,2022-01-30T12:14:42.096112,20.48,-,-,-
220130B,2022-01-30T16:40:52.499757,40.64,-,-,-
220130C,2022-01-30T16:44:33.971757,26.62,-,-,-
220130D,2022-01-30T17:09:35.520040,28.93,-,-,-
220130E,2022-01-30T23:16:20.000690,81.92,-,-,-
220131A,2022-01-31T08:08:50.009097,24.26,2022-01-31T08:09:01.081092,34.62,8.51
220131B,2022-01-31T15:15:05.777834,23.49,-,-,-
220131C,2022-01-31T16:27:12.752278,47.94,-,-,-
220131D,2022-01-31T17:07:39.376923,19.2,-,-,-
220201A,2022-02-01T09:33:08.000000,43.07,2022-02-01T09:33:34.752000,13.57,4.98
220201B,2022-02-01T14:38:16.463026,30.14,-,-,-
220201C,2022-02-01T23:44:44.080485,36.1,-,-,-
220202A,2022-02-02T17:38:49.384195,25.73,-,-,-
220203A,2022-02-03T11:16:34.976676,16.32,2022-02-03T11:16:38.944674,17.92,17.79
220203B,2022-02-03T11:39:39.168687,27.26,-,-,-
220203C,2022-02-03T12:24:57.000000,30.27,-,-,-
220203D,2022-02-03T17:39:47.402891,27.58,-,-,-
220203E,2022-02-03T18:37:06.353192,23.36,-,-,-
220203F,2022-02-03T23:04:26.192157,27.58,-,-,-
220204A,2022-02-04T00:23:01.104242,28.93,-,-,-
220204B,2022-02-04T02:06:41.216773,30.78,-,-,-
220204C,2022-02-04T14:07:10.000956,29.31,-,-,-
220204D,2022-02-04T22:54:26.912512,20.54,-,-,-
220205A,2022-02-05T05:21:16.023351,79.36,2022-02-05T05:21:29.527344,17.09,17.78
220205B,2022-02-05T14:43:29.796353,30.14,2022-02-05T14:43:40.996338,10.5,7.32
220205C,2022-02-05T15:17:20.098566,30.02,-,-,-
220205D,2022-02-05T15:42:25.810579,30.21,2022-02-05T15:42:30.610564,8.19,6.07
220205E,2022-02-05T17:26:10.961775,57.34,-,-,-
220205F,2022-02-05T18:18:41.240015,29.7,-,-,-
220206A,2022-02-06T04:15:24.592803,35.58,-,-,-
220206B,2022-02-06T06:46:35.864006,83.07,-,-,-
220206C,2022-02-06T10:15:17.057054,24.06,-,-,-
220206D,2022-02-06T10:59:33.764879,26.18,-,-,-
220206E,2022-02-06T11:47:44.284108,36.67,-,-,-
220206F,2022-02-06T14:11:37.040830,20.35,-,-,-
220206G,2022-02-06T16:06:20.288606,32.13,-,-,-
220206H,2022-02-06T23:29:37.968919,18.5,-,-,-
220207A,2022-02-07T06:34:54.160119,86.98,-,-,-
220208A,2022-02-08T06:19:49.824006,82.11,-,-,-
220208B,2022-02-08T11:16:50.803370,47.94,-,-,-
220208C,2022-02-08T12:12:53.696858,19.33,-,-,-
220208D,2022-02-08T21:39:35.328764,17.34,-,-,-
220209A,2022-02-09T04:27:32.929083,86.98,-,-,-
220209B,2022-02-09T06:06:21.688006,85.25,-,-,-
220209C,2022-02-09T06:46:41.317021,18.62,-,-,-
220209D,2022-02-09T11:27:28.626272,39.81,-,-,-
220209E,2022-02-09T12:42:02.000000,17.41,-,-,-
220209F,2022-02-09T14:22:27.091126,41.09,-,-,-
220209G,2022-02-09T19:42:11.328176,21.25,-,-,-
220209H,2022-02-09T20:11:51.760768,29.25,-,-,-
220209I,2022-02-09T23:03:55.089014,28.54,2022-02-09T23:04:01.553010,19.9,166.11
220210A,2022-02-10T06:25:42.225178,23.3,-,-,-
220210B,2022-02-10T08:42:32.963861,25.66,-,-,-
220210C,2022-02-10T12:43:14.077592,25.47,-,-,-
220210D,2022-02-10T12:47:43.997601,32.9,-,-,-
220211A,2022-02-11T01:32:14.048062,45.89,-,-,-
220211B,2022-02-11T04:00:56.481211,90.75,-,-,-
220211C,2022-02-11T05:39:22.808000,34.3,-,-,-
220211D,2022-02-11T05:38:51.000000,21.06,-,-,-
220211E,2022-02-11T09:35:19.104158,26.69,-,-,-
220211F,2022-02-11T14:41:31.344267,38.59,-,-,-
220211G,2022-02-11T21:52:52.849121,17.09,-,-,-
220212A,2022-02-12T03:45:20.558386,95.87,2022-02-12T03:45:53.902386,24.7,280.54
220212B,2022-02-12T14:24:59.297477,31.49,-,-,-
220212C,2022-02-12T14:36:02.817478,37.12,-,-,-
220213A,2022-02-13T10:08:41.000000,38.91,-,-,-
220213B,2022-02-13T10:13:20.447383,32.58,-,-,-
220213C,2022-02-13T12:25:46.128417,17.28,-,-,-
220213D,2022-02-13T12:58:26.752754,36.03,-,-,-
220213E,2022-02-13T22:36:31.728080,29.38,-,-,-
220214A,2022-02-14T00:47:03.072876,36.86,-,-,-
220214B,2022-02-14T03:19:20.392007,76.54,-,-,-
220214C,2022-02-14T08:16:15.000000,41.15,-,-,-
220214D,2022-02-14T21:26:15.505701,32.06,-,-,-
220215A,2022-02-15T01:25:20.808007,80.13,-,-,-
220215B,2022-02-15T03:05:37.560004,93.38,-,-,-
220215C,2022-02-15T05:31:13.760162,40.96,-,-,-
220215D,2022-02-15T05:37:50.320173,28.16,-,-,-
220215E,2022-02-15T08:20:33.290377,26.24,-,-,-
220216A,2022-02-16T06:13:41.025736,19.01,-,-,-
220216B,2022-02-16T08:15:02.320397,23.36,-,-,-
220216C,2022-02-16T13:54:05.600161,30.72,-,-,-
220216D,2022-02-16T16:54:11.104202,28.93,-,-,-
220217A,2022-02-17T04:25:44.787322,21.31,-,-,-
220217B,2022-02-17T04:37:32.067312,34.56,-,-,-
220217C,2022-02-17T08:04:19.344620,23.1,-,-,-
220217D,2022-02-17T09:17:03.809395,25.15,2022-02-17T09:17:22.561382,2.43,15.75
220217E,2022-02-17T12:17:53.954901,25.98,-,-,-
220217F,2022-02-17T14:05:39.648101,21.38,2022-02-17T14:05:53.856098,1.47,4.73
220218A,2022-02-18T03:27:45.473694,14.85,2022-02-18T03:27:53.729690,2.05,6.44
220218B,2022-02-18T07:23:19.681240,29.95,-,-,-
220218C,2022-02-18T07:49:13.761242,19.26,-,-,-
220218D,2022-02-18T09:18:24.721860,21.89,-,-,-
220218E,2022-02-18T19:35:34.531191,29.82,-,-,-
220219A,2022-02-19T10:39:46.669381,36.22,-,-,-
220220A,2022-02-20T00:18:37.536007,78.4,-,-,-
220220B,2022-02-20T02:30:50.224112,19.71,-,-,-
220220C,2022-02-20T04:06:09.920938,29.89,-,-,-
220220D,2022-02-20T05:58:16.576415,26.56,-,-,-
220220E,2022-02-20T06:13:25.440419,32.38,-,-,-
220220F,2022-02-20T22:26:17.648217,90.69,-,-,-
220221A,2022-02-21T00:05:02.536005,86.4,-,-,-
220221B,2022-02-21T05:02:00.856002,36.22,-,-,-
220221C,2022-02-21T05:13:05.596753,27.71,-,-,-
220221D,2022-02-21T22:11:35.176007,77.76,-,-,-
220221E,2022-02-21T23:51:36.544006,83.39,-,-,-
220222A,2022-02-22T00:10:02.849226,57.09,-,-,-
220222B,2022-02-22T01:43:29.648186,40.77,-,-,-
220222C,2022-02-22T06:39:53.112246,32.26,-,-,-
220222D,2022-02-22T09:16:20.000952,23.42,-,-,-
220222E,2022-02-22T09:18:10.000952,20.99,-,-,-
220222F,2022-02-22T21:58:09.952006,81.98,-,-,-
220223A,2022-02-23T06:47:09.281728,33.79,-,-,-
220223B,2022-02-23T21:44:50.424006,80.51,-,-,-
220224A,2022-02-24T01:09:36.118348,25.28,2022-02-24T01:09:40.726338,11.14,2.92
220224B,2022-02-24T02:51:18.232286,40.19,-,-,-
220224C,2022-02-24T04:31:04.064907,54.78,-,-,-
220224D,2022-02-24T21:47:16.115787,28.99,-,-,-
220224E,2022-02-24T23:15:48.321244,34.05,-,-,-
220224F,2022-02-24T23:17:38.321244,26.62,-,-,-
220225A,2022-02-25T02:59:16.735223,29.7,-,-,-
220225B,2022-02-25T04:11:00.901242,37.06,-,-,-
220226A,2022-02-26T01:19:04.976495,25.09,-,-,-
220226B,2022-02-26T08:35:16.545184,22.14,-,-,-
220226C,2022-02-26T11:59:21.153317,38.78,2022-02-26T11:59:25.185304,27.78,9.04
220226D,2022-02-26T14:08:04.400131,20.54,-,-,-
220226E,2022-02-26T15:24:39.713074,42.56,2022-02-26T15:24:42.081064,34.75,9.9
220226F,2022-02-26T16:11:09.329525,20.74,-,-,-
220226G,2022-02-26T22:46:52.618119,6.02,-,-,-
220227A,2022-02-27T02:12:06.384493,27.71,-,-,-
220227B,2022-02-27T05:27:16.676064,24.51,-,-,-
220228A,2022-02-28T06:38:21.626454,34.11,-,-,-
220228B,2022-02-28T13:10:34.080491,25.86,-,-,-
220228C,2022-02-28T14:50:48.323332,31.62,-,-,-
220228D,2022-02-28T23:24:53.920416,33.92,-,-,-
220301A,2022-03-01T00:59:06.688237,18.62,2022-03-01T00:59:16.032226,6.34,7.41
220301B,2022-03-01T22:04:12.202906,29.12,-,-,-
220302A,2022-03-02T02:04:02.769375,31.55,-,-,-
220302B,2022-03-02T03:48:14.880898,35.07,-,-,-
220302C,2022-03-02T03:59:08.160309,27.58,-,-,-
220303A,2022-03-03T01:26:02.081299,22.78,-,-,-
220303B,2022-03-03T14:06:36.800239,27.78,-,-,-
220304A,2022-03-04T08:38:48.480447,21.7,-,-,-
220304B,2022-03-04T11:30:49.777024,20.16,-,-,-
220304C,2022-03-04T18:54:34.112395,29.89,-,-,-
220304D,2022-03-04T19:14:11.688016,21.25,-,-,-
220304E,2022-03-04T20:40:45.928005,30.98,-,-,-
220305A,2022-03-05T15:03:07.488538,29.12,-,-,-
220305B,2022-03-05T19:58:43.968411,42.37,-,-,-
220305C,2022-03-05T22:24:37.464014,33.47,-,-,-
220305D,2022-03-05T23:19:30.896723,39.04,-,-,-
220306A,2022-03-06T00:05:41.552013,40.38,-,-,-
220306B,2022-03-06T07:57:16.097252,25.66,2022-03-06T07:57:30.753246,11.46,10.53
220306C,2022-03-06T18:22:01.969842,19.26,-,-,-
220306D,2022-03-06T22:34:43.624242,31.87,-,-,-
220307A,2022-03-07T06:34:53.441598,21.95,-,-,-
220307B,2022-03-07T08:29:11.536078,35.26,-,-,-
220307C,2022-03-07T09:20:26.112500,35.97,-,-,-
220307D,2022-03-07T20:03:38.576595,34.18,-,-,-
220307E,2022-03-07T20:48:28.379403,16.9,-,-,-
220307F,2022-03-07T20:53:16.331396,57.54,-,-,-
220307G,2022-03-07T20:58:32.395412,23.87,-,-,-
220308A,2022-03-08T00:32:03.809361,34.05,-,-,-
220308B,2022-03-08T01:43:03.195957,29.44,-,-,-
220308C,2022-03-08T05:43:00.224638,26.24,2022-03-08T05:43:09.184628,16.19,542.5
220308D,2022-03-08T10:43:20.449063,22.08,-,-,-
220308E,2022-03-08T19:18:20.112922,21.76,-,-,-
220308F,2022-03-08T21:24:19.617723,33.79,-,-,-
220308G,2022-03-08T23:46:03.045288,27.07,-,-,-
220309A,2022-03-09T02:57:46.752355,31.17,-,-,-
220309B,2022-03-09T10:23:18.833991,15.42,2022-03-09T10:23:20.497976,16.58,6.74
220309C,2022-03-09T12:28:25.920071,21.44,-,-,-
220309D,2022-03-09T21:07:40.593759,22.85,-,-,-
220309E,2022-03-09T22:06:20.736690,34.5,2022-03-09T22:06:33.536680,16.96,5.59
220309F,2022-03-09T23:58:00.000342,47.04,-,-,-
220310A,2022-03-10T03:00:56.816929,17.34,2022-03-10T03:00:42.480918,30.85,46.6
220310B,2022-03-10T20:03:01.993454,55.62,-,-,-
220310C,2022-03-10T20:28:41.993454,24.9,-,-,-
220311A,2022-03-11T09:13:04.065526,19.9,-,-,-
220311B,2022-03-11T09:44:30.641529,50.69,-,-,-
220311C,2022-03-11T15:59:18.144029,30.46,-,-,-
220311D,2022-03-11T16:42:32.564336,35.39,-,-,-
220311E,2022-03-11T18:17:20.525395,18.37,-,-,-
220311F,2022-03-11T18:29:56.893393,26.11,2022-03-11T18:30:01.373382,22.4,5.55
220311G,2022-03-11T19:23:54.088016,22.85,-,-,-
220312A,2022-03-12T04:55:56.048721,16.06,-,-,-
220312B,2022-03-12T19:02:45.152309,20.86,-,-,-
220312C,2022-03-12T21:14:21.042496,37.06,-,-,-
220313A,2022-03-13T02:59:31.391777,28.54,-,-,-
220313B,2022-03-13T04:13:32.545743,20.35,2022-03-13T04:13:36.321734,16.7,41.33
220313C,2022-03-13T08:57:35.872789,30.08,-,-,-
220313D,2022-03-13T17:59:23.520028,15.74,-,-,-
220313E,2022-03-13T19:40:31.788693,30.08,-,-,-
220313F,2022-03-13T20:17:30.849332,35.78,-,-,-
220313G,2022-03-13T21:03:30.000308,35.46,-,-,-
220314A,2022-03-14T01:09:18.048336,41.66,2022-03-14T01:09:22.912336,40.38,36.66
220314B,2022-03-14T01:10:51.872336,8.06,-,-,-
220314C,2022-03-14T02:46:49.057621,41.09,2022-03-14T02:47:10.881610,17.86,6.29
220314D,2022-03-14T06:46:31.009102,68.93,2022-03-14T06:46:55.009094,40.06,96.09
220314E,2022-03-14T18:09:49.344116,25.98,-,-,-
220314F,2022-03-14T18:44:00.360014,32.58,-,-,-
220315A,2022-03-15T00:57:47.456153,19.71,-,-,-
220315B,2022-03-15T05:09:41.283279,32.26,2022-03-15T05:09:50.755272,0.77,6.55
220315C,2022-03-15T18:08:06.769481,49.92,-,-,-
220316A,2022-03-16T15:27:17.029072,20.86,-,-,-
220316B,2022-03-16T17:09:32.372506,44.54,-,-,-
220317A,2022-03-17T13:50:49.851166,18.43,-,-,-
220318A,2022-03-18T14:08:18.992087,32.9,-,-,-
220318B,2022-03-18T15:18:20.304462,33.22,-,-,-
220318C,2022-03-18T15:52:20.656472,20.03,-,-,-
220318D,2022-03-18T18:13:18.140876,39.81,-,-,-
220319A,2022-03-19T13:08:41.245958,22.4,-,-,-
220319B,2022-03-19T14:38:26.829850,36.74,-,-,-
220319C,2022-03-19T14:54:56.829850,31.42,-,-,-
220319D,2022-03-19T15:01:52.608670,42.37,-,-,-
220319E,2022-03-19T16:38:42.967615,22.08,-,-,-
220319F,2022-03-19T17:25:30.000122,32.64,-,-,-
220319G,2022-03-19T20:56:40.003168,27.46,-,-,-
220320A,2022-03-20T00:14:01.793261,14.08,-,-,-
220320B,2022-03-20T00:26:45.841260,16.9,-,-,-
220320C,2022-03-20T13:53:45.617518,41.41,-,-,-
220320D,2022-03-20T15:38:01.712649,28.22,-,-,-
220320E,2022-03-20T22:38:20.002102,28.22,-,-,-
220321A,2022-03-21T14:14:49.015956,21.18,-,-,-
220321B,2022-03-21T15:17:51.648315,28.29,-,-,-
220321C,2022-03-21T23:15:34.961617,54.98,-,-,-
220322A,2022-03-22T09:40:02.326979,28.99,-,-,-
220322B,2022-03-22T16:54:37.344510,22.59,-,-,-
220323A,2022-03-23T07:20:51.859942,21.38,-,-,-
220323B,2022-03-23T13:21:47.232014,32.7,-,-,-
220323C,2022-03-23T15:22:33.992002,26.05,-,-,-
220323D,2022-03-23T19:02:26.145088,28.74,-,-,-
220323E,2022-03-23T19:25:35.329099,4.61,-,-,-
220324A,2022-03-24T04:23:15.824822,34.11,-,-,-
220324B,2022-03-24T12:39:29.696255,50.24,-,-,-
220324C,2022-03-24T19:17:04.801007,25.6,-,-,-
220324D,2022-03-24T23:19:19.504147,22.4,-,-,-
220325A,2022-03-25T08:21:05.101908,28.93,-,-,-
220325B,2022-03-25T10:00:12.997992,39.04,-,-,-
220325C,2022-03-25T21:02:33.504505,25.54,2022-03-25T21:02:36.832496,30.14,9.09
220326A,2022-03-26T07:25:23.808305,16.13,-,-,-
220326B,2022-03-26T07:26:37.008299,16.38,-,-,-
220326C,2022-03-26T08:13:19.047482,15.62,-,-,-
220326D,2022-03-26T08:20:33.287481,18.18,-,-,-
220326E,2022-03-26T08:22:30.391482,14.4,-,-,-
220326F,2022-03-26T08:24:10.087481,16.26,2022-03-26T08:24:15.079478,17.73,5.36
220326G,2022-03-26T08:34:20.439490,14.14,-,-,-
220326H,2022-03-26T08:43:50.343494,15.23,-,-,-
220326I,2022-03-26T08:50:21.383486,15.62,2022-03-26T08:50:25.479478,15.04,5.5
220326J,2022-03-26T23:20:47.808246,20.1,2022-03-26T23:20:45.760238,29.06,6.17
220327A,2022-03-27T06:53:48.271576,19.52,-,-,-
220327B,2022-03-27T08:38:29.408320,16.45,-,-,-
220327C,2022-03-27T12:03:04.480136,35.46,-,-,-
220327D,2022-03-27T12:26:53.712136,22.98,-,-,-
220327E,2022-03-27T13:58:33.984690,37.76,-,-,-
220327F,2022-03-27T19:46:20.384017,27.26,-,-,-
220328A,2022-03-28T11:24:52.449072,40.13,-,-,-
220328B,2022-03-28T11:27:58.401066,14.85,2022-03-28T11:28:07.617060,0.64,8.34
220328C,2022-03-28T21:12:56.192085,25.6,-,-,-
220328D,2022-03-28T21:34:14.160096,26.05,2022-03-28T21:34:10.256082,25.47,4.27
220329A,2022-03-29T02:03:16.064380,23.87,-,-,-
220329B,2022-03-29T07:43:12.527156,31.42,2022-03-29T07:43:22.575154,42.18,97.16
220329C,2022-03-29T13:18:10.002784,37.25,-,-,-
220329D,2022-03-29T17:38:38.177283,54.34,2022-03-29T17:39:04.929280,32.77,113.72
220329E,2022-03-29T20:18:58.320056,39.23,2022-03-29T20:19:08.944048,24.19,58.03
220329F,2022-03-29T21:21:16.289590,25.6,-,-,-
220329G,2022-03-29T22:02:54.496142,45.44,-,-,-
220329H,2022-03-29T22:46:26.784138,35.26,-,-,-
220329I,2022-03-29T22:54:24.864144,35.07,-,-,-
220330A,2022-03-30T02:57:37.361548,20.93,-,-,-
220330B,2022-03-30T04:36:48.560147,26.82,-,-,-
220330C,2022-03-30T12:15:07.405201,36.16,-,-,-
220330D,2022-03-30T12:58:52.225413,53.89,-,-,-
220331A,2022-03-31T07:56:02.256440,47.68,-,-,-
220331B,2022-03-31T09:49:05.875610,24.06,-,-,-
220331C,2022-03-31T10:22:05.492717,18.24,-,-,-
220401A,2022-04-01T03:25:33.872007,80.06,-,-,-
220401B,2022-04-01T06:43:35.000000,44.8,-,-,-
220401C,2022-04-01T14:17:45.056252,20.8,-,-,-
220401D,2022-04-01T22:27:46.625570,28.1,-,-,-
220401E,2022-04-01T22:45:44.113585,5.82,-,-,-
220402A,2022-04-02T07:46:05.928017,19.01,-,-,-
220402B,2022-04-02T17:42:29.312367,90.62,-,-,-
220402C,2022-04-02T17:44:30.128369,79.81,-,-,-
220403A,2022-04-03T06:31:31.374808,27.65,-,-,-
220403B,2022-04-03T10:13:44.576583,15.81,2022-04-03T10:13:53.344572,9.66,348.85
220403C,2022-04-03T16:53:37.953702,31.04,-,-,-
220404A,2022-04-04T07:47:03.729651,25.86,-,-,-
220404B,2022-04-04T09:23:24.987136,26.88,-,-,-
220404C,2022-04-04T09:27:21.563139,27.84,2022-04-04T09:27:42.491136,0.19,10.43
220404D,2022-04-04T14:32:34.082787,25.86,-,-,-
220404E,2022-04-04T19:09:41.025341,60.67,2022-04-04T19:09:39.041334,52.35,43.34
220404F,2022-04-04T19:43:10.593346,25.54,-,-,-
220405A,2022-04-05T17:16:50.145299,45.12,-,-,-
220406A,2022-04-06T05:34:47.000000,38.34,-,-,-
220407A,2022-04-07T08:51:22.826475,33.22,-,-,-
220407B,2022-04-07T09:26:56.784008,43.01,-,-,-
220407C,2022-04-07T22:30:13.416007,75.52,-,-,-
220408A,2022-04-08T00:10:34.656008,73.28,-,-,-
220408B,2022-04-08T04:35:49.696683,32.0,-,-,-
220408C,2022-04-08T06:45:58.000000,33.22,-,-,-
220408D,2022-04-08T08:24:21.000000,25.6,-,-,-
220408E,2022-04-08T19:50:10.306220,28.03,2022-04-08T19:50:21.954212,22.59,23.05
220410A,2022-04-10T04:50:49.753311,22.14,-,-,-
220410B,2022-04-10T21:49:38.072006,84.86,-,-,-
220411A,2022-04-11T01:18:58.083668,21.12,-,-,-
220411B,2022-04-11T06:56:13.401720,22.85,-,-,-
220411C,2022-04-11T12:34:10.384217,27.26,-,-,-
220412A,2022-04-12T06:26:00.976085,21.06,-,-,-
220412B,2022-04-12T08:21:15.712376,44.22,-,-,-
220412C,2022-04-12T13:17:32.704596,27.46,-,-,-
220412D,2022-04-12T16:36:30.000510,40.77,-,-,-
220412E,2022-04-12T21:29:03.186406,26.94,-,-,-
220412F,2022-04-12T21:45:33.186406,26.11,-,-,-
220414A,2022-04-14T02:23:24.378510,36.67,-,-,-
220414B,2022-04-14T03:44:13.700404,21.12,-,-,-
220414C,2022-04-14T04:13:16.673906,34.82,-,-,-
220414D,2022-04-14T12:46:42.080356,29.82,-,-,-
220415A,2022-04-15T01:57:08.706212,39.23,-,-,-
220415B,2022-04-15T04:39:53.377163,18.37,-,-,-
220415C,2022-04-15T04:43:26.849162,23.81,-,-,-
220415D,2022-04-15T07:39:42.691070,15.81,-,-,-
220415E,2022-04-15T10:09:48.448022,15.23,-,-,-
220415F,2022-04-15T11:03:30.000058,23.1,-,-,-
220415G,2022-04-15T11:28:02.496065,23.42,-,-,-
220415H,2022-04-15T12:30:37.616462,32.32,-,-,-
220415I,2022-04-15T12:51:10.000448,7.36,-,-,-
220415J,2022-04-15T12:58:27.327466,14.46,-,-,-
220415K,2022-04-15T13:19:54.448011,55.49,2022-04-15T13:20:04.304000,36.16,29.33
220415L,2022-04-15T13:20:40.064137,37.57,2022-04-15T13:20:31.040130,47.42,14.34
220415M,2022-04-15T20:41:10.250538,96.19,-,-,-
220416A,2022-04-16T00:53:28.643013,40.19,-,-,-
220416B,2022-04-16T00:59:32.543807,27.39,-,-,-
220416C,2022-04-16T01:58:36.224072,19.78,-,-,-
220416D,2022-04-16T03:45:13.949116,21.82,-,-,-
220416E,2022-04-16T05:07:52.816043,27.52,-,-,-
220416F,2022-04-16T09:29:57.488050,23.62,-,-,-
220416G,2022-04-16T09:50:26.304053,40.0,-,-,-
220416H,2022-04-16T11:30:31.024207,38.91,-,-,-
220416I,2022-04-16T16:34:48.384911,26.37,-,-,-
220416J,2022-04-16T23:47:01.806812,36.22,-,-,-
220417A,2022-04-17T06:51:27.088593,41.47,2022-04-17T06:51:52.240590,26.94,9.55
220417B,2022-04-17T11:35:23.520151,16.45,-,-,-
220417C,2022-04-17T13:13:07.968519,19.52,-,-,-
220417D,2022-04-17T22:19:21.744928,34.75,2022-04-17T22:19:30.768916,16.13,5.09
220417E,2022-04-17T22:35:59.488929,40.45,-,-,-
220417F,2022-04-17T22:36:30.000916,63.81,-,-,-
220417G,2022-04-17T23:46:48.078553,22.21,-,-,-
220418A,2022-04-18T03:21:20.128475,39.81,-,-,-
220418B,2022-04-18T07:48:16.080850,60.8,2022-04-18T07:48:29.584842,39.62,699.36
220418C,2022-04-18T16:40:45.376011,50.56,-,-,-
220418D,2022-04-18T17:23:47.057889,2.88,-,-,-
220418E,2022-04-18T20:18:14.430693,25.28,-,-,-
220418F,2022-04-18T21:57:59.999208,31.04,-,-,-
220418G,2022-04-18T23:58:00.000276,32.38,-,-,-
220419A,2022-04-19T00:10:07.904287,34.18,-,-,-
220419B,2022-04-19T02:15:19.793236,15.1,-,-,-
220419C,2022-04-19T03:04:15.376235,29.95,-,-,-
220419D,2022-04-19T03:34:18.576243,31.36,-,-,-
220419E,2022-04-19T10:39:48.832607,31.1,-,-,-
220419F,2022-04-19T18:38:58.058024,27.33,-,-,-
220419G,2022-04-19T20:30:04.592373,29.38,-,-,-
220419H,2022-04-19T20:48:42.512376,47.42,-,-,-
220419I,2022-04-19T20:49:20.000364,50.88,-,-,-
220419J,2022-04-19T21:56:36.550270,21.44,-,-,-
220419K,2022-04-19T22:06:46.528450,17.02,-,-,-
220420A,2022-04-20T08:48:33.360328,56.58,-,-,-
220420B,2022-04-20T09:58:11.582676,33.79,-,-,-
220420C,2022-04-20T12:50:18.048429,38.46,-,-,-
220420D,2022-04-20T19:33:53.784774,20.67,-,-,-
220420E,2022-04-20T22:24:10.656729,23.55,-,-,-
220421A,2022-04-21T07:44:51.888638,24.96,-,-,-
220421B,2022-04-21T20:58:00.000050,23.1,-,-,-
220422A,2022-04-22T00:47:59.593533,35.71,-,-,-
220422B,2022-04-22T01:52:15.000000,25.15,-,-,-
220422C,2022-04-22T04:40:22.352506,25.92,-,-,-
220422D,2022-04-22T13:25:45.686039,104.26,-,-,-
220422E,2022-04-22T17:25:24.000000,15.42,-,-,-
220422F,2022-04-22T21:22:21.040189,25.6,-,-,-
220423A,2022-04-23T11:28:37.699319,42.24,-,-,-
220423B,2022-04-23T18:10:12.832304,28.42,-,-,-
220423C,2022-04-23T20:29:36.052174,33.28,-,-,-
220423D,2022-04-23T20:33:16.052174,46.08,-,-,-
220424A,2022-04-24T16:57:54.000000,35.33,-,-,-
220424B,2022-04-24T18:38:40.722238,27.26,-,-,-
220424C,2022-04-24T20:25:06.543393,24.7,-,-,-
220424D,2022-04-24T21:04:08.337156,29.31,-,-,-
220424E,2022-04-24T21:58:20.545151,30.85,-,-,-
220424F,2022-04-24T22:07:41.809153,28.61,-,-,-
220425A,2022-04-25T08:51:44.177114,22.91,2022-04-25T08:51:33.489108,51.46,17.6
220425B,2022-04-25T11:10:50.000994,30.14,-,-,-
220425C,2022-04-25T16:47:44.187014,36.99,-,-,-
220425D,2022-04-25T17:11:10.737363,48.96,-,-,-
220425E,2022-04-25T19:06:06.528538,35.07,-,-,-
220425F,2022-04-25T21:58:23.958301,27.97,-,-,-
220426A,2022-04-26T10:50:18.816892,16.7,-,-,-
220426B,2022-04-26T13:15:32.332059,43.39,2022-04-26T13:15:36.748050,24.13,2.22
220426C,2022-04-26T16:43:22.779715,32.0,-,-,-
220426D,2022-04-26T16:54:22.907715,31.49,-,-,-
220426E,2022-04-26T18:09:23.000000,28.93,-,-,-
220426F,2022-04-26T18:56:36.780545,29.38,-,-,-
220426G,2022-04-26T19:58:32.670277,39.36,-,-,-
220427A,2022-04-27T16:50:18.734138,32.83,-,-,-
220427B,2022-04-27T17:58:00.000416,18.94,-,-,-
220427C,2022-04-27T19:34:09.349544,36.29,-,-,-
220427D,2022-04-27T19:35:59.349544,29.18,-,-,-
220429A,2022-04-29T01:58:24.256208,36.48,-,-,-
220429B,2022-04-29T06:05:04.592620,25.34,2022-04-29T06:05:14.448604,10.43,18.45
220429C,2022-04-29T19:40:09.686155,21.63,-,-,-
220430A,2022-04-30T02:17:57.152890,22.78,-,-,-
220430B,2022-04-30T05:49:20.720012,49.22,-,-,-
220430C,2022-04-30T19:09:16.192981,16.9,-,-,-
220430D,2022-04-30T19:49:20.000978,28.61,-,-,-
220430E,2022-04-30T19:51:14.352979,52.61,-,-,-
220501A,2022-05-01T00:45:57.344769,40.51,2022-05-01T00:46:03.744766,32.7,31.03
220501B,2022-05-01T19:28:47.424836,32.51,-,-,-
220502A,2022-05-02T15:47:07.251743,32.26,-,-,-
220502B,2022-05-02T16:08:00.754384,52.61,-,-,-
220502C,2022-05-02T21:56:37.974168,20.54,-,-,-
220502D,2022-05-02T22:12:50.369526,23.1,-,-,-
220502E,2022-05-02T22:15:03.281529,28.8,-,-,-
220503A,2022-05-03T04:36:12.032009,33.66,-,-,-
220503B,2022-05-03T13:25:07.542886,33.28,-,-,-
220503C,2022-05-03T13:26:40.262883,50.56,-,-,-
220503D,2022-05-03T13:27:40.470875,100.35,-,-,-
220503E,2022-05-03T20:51:38.544039,31.04,-,-,-
220503F,2022-05-03T22:15:43.088546,46.85,-,-,-
220504A,2022-05-04T13:27:24.167775,53.76,-,-,-
220504B,2022-05-04T15:05:39.712115,24.83,-,-,-
220505A,2022-05-05T11:58:46.145372,31.94,-,-,-
220505B,2022-05-05T14:31:10.463234,63.3,-,-,-
220505C,2022-05-05T14:51:41.583237,28.03,-,-,-
220505D,2022-05-05T17:02:45.536251,29.5,-,-,-
220505E,2022-05-05T17:57:45.490498,40.13,-,-,-
220506A,2022-05-06T13:06:14.976213,31.23,-,-,-
220506B,2022-05-06T15:52:21.046694,41.28,-,-,-
220507A,2022-05-07T00:52:28.209171,41.73,-,-,-
220507B,2022-05-07T01:35:01.634430,31.68,-,-,-
220507C,2022-05-07T15:49:50.173456,31.1,-,-,-
220507D,2022-05-07T20:03:53.424862,17.86,2022-05-07T20:04:03.536858,1.02,7.09
220508A,2022-05-08T07:45:29.192379,34.24,2022-05-08T07:45:36.744378,83.2,178.01
220508B,2022-05-08T13:44:05.000000,49.92,-,-,-
220508C,2022-05-08T14:30:29.040627,40.9,-,-,-
220508D,2022-05-08T15:22:46.000000,27.9,-,-,-
220509A,2022-05-09T04:44:08.051407,25.54,-,-,-
220509B,2022-05-09T06:05:55.136142,34.11,-,-,-
220509C,2022-05-09T10:50:57.604989,32.45,-,-,-
220509D,2022-05-09T12:41:18.352279,41.28,-,-,-
220509E,2022-05-09T13:47:13.663472,19.9,-,-,-
220509F,2022-05-09T15:12:49.993757,31.62,-,-,-
220510A,2022-05-10T00:51:46.481930,17.09,2022-05-10T00:51:56.337924,0.19,8.26
220510B,2022-05-10T10:15:02.800768,25.34,-,-,-
220510C,2022-05-10T10:30:11.408773,43.78,-,-,-
220510D,2022-05-10T20:04:12.308549,29.44,-,-,-
220511A,2022-05-11T12:38:30.113090,30.46,-,-,-
220511B,2022-05-11T13:30:43.147287,19.14,-,-,-
220512A,2022-05-12T08:13:57.569435,42.37,2022-05-12T08:14:24.385422,9.34,6.99
220512B,2022-05-12T08:16:20.001422,37.38,2022-05-12T08:16:35.169422,17.34,11.92
220512C,2022-05-12T10:28:05.952576,36.22,-,-,-
220512D,2022-05-12T11:16:54.274124,40.0,-,-,-
220513A,2022-05-13T06:04:09.728714,17.54,-,-,-
220513B,2022-05-13T07:49:29.387376,44.61,-,-,-
220513C,2022-05-13T07:50:40.603370,35.46,-,-,-
220513D,2022-05-13T09:37:28.319943,33.6,-,-,-
220513E,2022-05-13T10:55:47.000000,78.46,-,-,-
220513F,2022-05-13T13:04:46.992145,28.42,-,-,-
220513G,2022-05-13T15:11:26.866286,15.74,2022-05-13T15:11:37.362280,0.26,5.77
220514A,2022-05-14T05:50:10.701392,25.22,-,-,-
220514B,2022-05-14T14:23:59.101268,54.46,2022-05-14T14:24:14.525268,40.19,68.42
220514C,2022-05-14T14:44:09.101268,42.75,-,-,-
220515A,2022-05-15T02:11:55.208569,74.62,-,-,-
220515B,2022-05-15T03:51:38.408005,86.53,-,-,-
220515C,2022-05-15T05:30:59.000000,21.63,-,-,-
220515D,2022-05-15T07:19:29.064212,15.81,-,-,-
220515E,2022-05-15T19:50:08.770534,31.94,2022-05-15T19:50:17.410526,25.02,73.65
220515F,2022-05-15T23:50:11.328958,24.51,-,-,-
220516A,2022-05-16T10:33:00.211299,19.26,-,-,-
220516B,2022-05-16T17:43:10.592994,23.62,-,-,-
220517A,2022-05-17T08:30:20.071216,30.72,-,-,-
220517B,2022-05-17T17:25:04.161726,20.8,-,-,-
220517C,2022-05-17T17:51:26.897715,43.39,-,-,-
220517D,2022-05-17T20:46:08.545309,24.32,-,-,-
220518A,2022-05-18T08:07:21.000000,64.7,-,-,-
220518B,2022-05-18T13:13:52.428346,26.18,-,-,-
220518C,2022-05-18T13:27:07.708350,24.58,-,-,-
220519A,2022-05-19T08:58:39.935632,22.02,-,-,-
220519B,2022-05-19T11:12:03.778142,27.71,-,-,-
220520A,2022-05-20T07:45:29.783193,80.13,-,-,-
220520B,2022-05-20T07:47:01.799190,98.11,-,-,-
220520C,2022-05-20T07:48:29.975186,39.17,-,-,-
220520D,2022-05-20T10:57:47.629326,7.81,-,-,-
220520E,2022-05-20T13:58:22.656696,25.66,-,-,-
220521A,2022-05-21T06:23:17.040590,32.9,-,-,-
220521B,2022-05-21T09:11:42.583379,16.38,-,-,-
220521C,2022-05-21T12:08:01.712160,19.46,-,-,-
220522A,2022-05-22T01:44:59.633103,40.13,-,-,-
220522B,2022-05-22T12:24:05.984034,25.6,-,-,-
220522C,2022-05-22T12:57:21.408037,31.68,-,-,-
220522D,2022-05-22T16:41:20.080019,29.44,-,-,-
220522E,2022-05-22T17:58:54.337697,20.54,-,-,-
220522F,2022-05-22T20:58:33.538174,47.49,2022-05-22T20:58:38.594162,30.78,44.2
220523A,2022-05-23T05:58:08.071889,31.04,-,-,-
220523B,2022-05-23T07:58:44.672043,24.45,-,-,-
220524A,2022-05-24T02:42:50.752652,32.13,-,-,-
220524B,2022-05-24T03:29:35.331540,24.13,-,-,-
220524C,2022-05-24T05:39:36.362680,20.61,-,-,-
220524D,2022-05-24T18:23:40.003910,21.25,-,-,-
220525A,2022-05-25T02:00:59.312143,20.74,2022-05-25T02:00:56.240132,23.42,28.86
220525B,2022-05-25T03:13:57.143544,27.46,-,-,-
220525C,2022-05-25T03:45:30.183547,25.02,-,-,-
220525D,2022-05-25T09:44:41.178902,29.76,-,-,-
220525E,2022-05-25T14:24:19.808655,23.74,-,-,-
220526A,2022-05-26T02:16:31.972740,24.9,2022-05-26T02:16:47.140738,68.74,33.53
220526B,2022-05-26T09:12:11.793365,19.14,-,-,-
220526C,2022-05-26T10:38:30.049906,27.01,-,-,-
220526D,2022-05-26T11:54:33.889503,26.05,-,-,-
220526E,2022-05-26T20:15:58.576307,17.41,-,-,-
220527A,2022-05-27T03:36:43.120964,29.25,-,-,-
220527B,2022-05-27T08:26:06.736028,26.69,-,-,-
220527C,2022-05-27T21:33:06.456007,76.48,-,-,-
220527D,2022-05-27T22:08:00.432768,20.03,2022-05-27T22:08:09.776760,0.58,8.1
220528A,2022-05-28T01:08:29.424929,40.51,-,-,-
220528B,2022-05-28T02:56:16.321849,30.27,-,-,-
220528C,2022-05-28T03:00:10.928449,33.86,-,-,-
220528D,2022-05-28T11:20:22.080124,22.14,-,-,-
220528E,2022-05-28T15:43:50.001464,38.02,-,-,-
220528F,2022-05-28T18:28:26.048051,20.86,-,-,-
220528G,2022-05-28T23:56:50.341564,27.9,-,-,-
220529A,2022-05-29T04:55:37.616176,37.89,-,-,-
220529B,2022-05-29T09:53:00.002198,45.06,-,-,-
220529C,2022-05-29T12:29:29.136005,24.45,2022-05-29T12:29:31.248002,25.22,21.19
220529D,2022-05-29T13:37:36.560213,44.1,-,-,-
220530A,2022-05-30T06:08:18.609969,36.99,-,-,-
220531A,2022-05-31T03:07:22.136016,20.8,-,-,-
220531B,2022-05-31T07:52:39.792075,30.14,-,-,-
220531C,2022-05-31T09:24:00.098189,20.99,-,-,-
220531D,2022-05-31T13:10:17.760699,42.18,-,-,-
220531E,2022-05-31T21:12:40.002086,25.15,-,-,-
220601A,2022-06-01T00:19:17.330147,23.68,-,-,-
220601B,2022-06-01T01:53:52.402892,18.24,-,-,-
220601C,2022-06-01T02:11:35.696352,34.43,-,-,-
220601D,2022-06-01T09:57:06.560094,44.54,-,-,-
220601E,2022-06-01T12:32:31.968123,18.24,2022-06-01T12:32:42.144108,0.13,8.71
220601F,2022-06-01T13:04:25.424279,39.81,2022-06-01T13:04:23.056270,22.66,6.46
220601G,2022-06-01T15:30:24.496580,45.44,-,-,-
220601H,2022-06-01T22:27:56.207522,20.42,-,-,-
220602A,2022-06-02T00:08:46.512802,23.42,-,-,-
220602B,2022-06-02T01:45:48.737946,33.6,-,-,-
220602C,2022-06-02T02:26:55.824226,24.19,-,-,-
220602D,2022-06-02T03:41:00.425704,28.1,-,-,-
220602E,2022-06-02T03:44:50.345706,30.46,-,-,-
220602F,2022-06-02T08:11:44.720315,30.4,-,-,-
220603A,2022-06-03T00:07:34.129054,22.02,-,-,-
220603B,2022-06-03T02:17:46.528168,21.5,-,-,-
220603C,2022-06-03T08:21:03.040518,20.86,-,-,-
220603D,2022-06-03T12:34:20.688533,29.25,-,-,-
220603E,2022-06-03T14:12:05.328344,44.61,-,-,-
220603F,2022-06-03T20:02:28.448746,32.96,-,-,-
220603G,2022-06-03T21:38:12.095276,34.82,-,-,-
220603H,2022-06-03T21:42:10.655279,21.38,-,-,-
220603I,2022-06-03T23:56:56.758624,28.22,-,-,-
220604A,2022-06-04T06:46:05.536726,15.81,2022-06-04T06:46:14.176722,3.52,4.34
220604B,2022-06-04T08:14:01.217131,38.72,-,-,-
220604C,2022-06-04T14:47:16.039675,20.16,-,-,-
220604D,2022-06-04T21:53:00.425900,20.1,-,-,-
220605A,2022-06-05T00:17:30.464174,29.31,-,-,-
220605B,2022-06-05T13:32:08.416515,37.82,-,-,-
220605C,2022-06-05T17:51:50.384170,24.64,-,-,-
220605D,2022-06-05T22:23:01.896013,39.04,-,-,-
220606A,2022-06-06T03:56:30.354178,26.43,-,-,-
220606B,2022-06-06T11:49:07.152108,22.78,-,-,-
220606C,2022-06-06T14:43:39.646134,24.26,2022-06-06T14:43:41.502130,21.5,12.92
220606D,2022-06-06T18:05:46.432820,30.85,-,-,-
220606E,2022-06-06T22:33:13.278320,23.74,-,-,-
220607A,2022-06-07T00:22:56.057874,37.31,-,-,-
220607B,2022-06-07T00:41:16.057874,22.59,-,-,-
220607C,2022-06-07T02:08:00.944038,40.13,-,-,-
220607D,2022-06-07T13:17:36.544667,43.39,-,-,-
220607E,2022-06-07T15:33:06.062563,4.03,-,-,-
220607F,2022-06-07T15:34:55.998563,4.1,-,-,-
220607G,2022-06-07T15:39:18.094552,72.0,-,-,-
220607H,2022-06-07T15:41:07.902552,72.19,-,-,-
220607I,2022-06-07T17:15:11.070995,3.01,-,-,-
220607J,2022-06-07T17:18:51.070995,3.01,-,-,-
220607K,2022-06-07T17:19:27.406983,76.67,-,-,-
220607L,2022-06-07T18:32:52.400015,25.54,-,-,-
220607M,2022-06-07T18:56:30.021852,77.5,-,-,-
220607N,2022-06-07T18:57:44.453852,3.07,-,-,-
220607O,2022-06-07T18:55:47.589852,20.8,-,-,-
220607P,2022-06-07T19:22:34.288073,28.61,-,-,-
220607Q,2022-06-07T20:34:17.000000,21.12,-,-,-
220607R,2022-06-07T20:34:59.432000,77.5,-,-,-
220607S,2022-06-07T21:56:21.712433,28.22,-,-,-
220607T,2022-06-07T22:14:11.000000,24.38,-,-,-
220607U,2022-06-07T23:54:00.000000,26.56,-,-,-
220608A,2022-06-08T01:29:51.000000,102.53,-,-,-
220608B,2022-06-08T13:32:28.000000,109.06,-,-,-
220608C,2022-06-08T15:21:39.992689,3.46,-,-,-
220608D,2022-06-08T15:23:27.368689,6.08,-,-,-
220608E,2022-06-08T15:25:20.376689,3.07,-,-,-
220608F,2022-06-08T15:26:00.808678,72.64,-,-,-
220608G,2022-06-08T17:03:26.321833,3.2,-,-,-
220608H,2022-06-08T17:04:07.009814,72.51,-,-,-
220608I,2022-06-08T17:05:16.449814,3.07,-,-,-
220608J,2022-06-08T17:03:19.585814,25.15,-,-,-
220608K,2022-06-08T17:14:19.585814,19.58,-,-,-
220608L,2022-06-08T18:19:09.720014,33.22,-,-,-
220608M,2022-06-08T18:42:03.958666,28.54,-,-,-
220608N,2022-06-08T18:42:44.214666,79.68,-,-,-
220608O,2022-06-08T19:58:25.727326,23.3,-,-,-
220608P,2022-06-08T20:27:42.660622,19.07,-,-,-
220608Q,2022-06-08T21:37:07.826862,35.26,-,-,-
220608R,2022-06-08T21:42:40.896015,31.04,-,-,-
220608S,2022-06-08T22:00:16.652478,26.24,-,-,-
220608T,2022-06-08T23:40:12.000000,25.54,-,-,-
220609A,2022-06-09T01:14:42.000000,85.25,-,-,-
220609B,2022-06-09T02:28:29.952261,23.81,-,-,-
220609C,2022-06-09T04:42:54.592349,36.74,-,-,-
220609D,2022-06-09T11:22:03.377516,19.01,2022-06-09T11:22:07.793514,11.9,4.12
220609E,2022-06-09T13:20:04.451738,115.39,-,-,-
220609F,2022-06-09T13:21:54.451738,115.46,-,-,-
220609G,2022-06-09T13:23:47.523739,116.86,-,-,-
220609H,2022-06-09T13:25:37.715739,116.67,-,-,-
220609I,2022-06-09T13:27:24.451738,115.97,-,-,-
220609J,2022-06-09T15:08:19.128285,3.26,-,-,-
220609K,2022-06-09T15:10:09.320285,3.07,-,-,-
220609L,2022-06-09T15:11:24.568280,37.82,-,-,-
220609M,2022-06-09T15:12:42.312274,70.08,-,-,-
220609N,2022-06-09T16:49:47.890543,3.07,-,-,-
220609O,2022-06-09T16:50:27.618524,73.34,-,-,-
220609P,2022-06-09T16:49:41.026524,28.1,-,-,-
220609Q,2022-06-09T18:28:17.200138,20.03,-,-,-
220609R,2022-06-09T18:29:02.896138,74.24,-,-,-
220609S,2022-06-09T19:10:18.018041,41.92,-,-,-
220609T,2022-06-09T21:01:11.088795,27.84,-,-,-
220609U,2022-06-09T22:59:25.952736,33.98,-,-,-
220610A,2022-06-10T17:19:54.832987,15.1,-,-,-
220610B,2022-06-10T18:28:43.994382,31.87,-,-,-
220610C,2022-06-10T19:57:59.998696,32.0,-,-,-
220610D,2022-06-10T22:15:13.201955,38.66,-,-,-
220610E,2022-06-10T23:17:43.299468,22.4,-,-,-
220611A,2022-06-11T02:59:30.559935,16.64,-,-,-
220611B,2022-06-11T11:59:33.249191,19.14,-,-,-
220611C,2022-06-11T16:33:51.644704,42.24,-,-,-
220611D,2022-06-11T18:33:17.544834,30.98,-,-,-
220611E,2022-06-11T21:25:54.191046,24.83,-,-,-
220611F,2022-06-11T23:03:21.916784,27.58,-,-,-
220611G,2022-06-11T23:27:24.524786,39.04,-,-,-
220612A,2022-06-12T01:23:03.537572,16.64,-,-,-
220612B,2022-06-12T03:08:19.184177,25.66,-,-,-
220612C,2022-06-12T07:10:27.232658,21.95,-,-,-
220612D,2022-06-12T13:07:28.243421,20.16,-,-,-
220612E,2022-06-12T16:25:04.933174,23.68,2022-06-12T16:25:13.509160,13.31,12.72
220612F,2022-06-12T17:02:48.288129,31.3,-,-,-
220612G,2022-06-12T17:51:36.389086,46.34,-,-,-
220612H,2022-06-12T18:31:24.832212,42.94,-,-,-
220612I,2022-06-12T19:06:32.192388,47.74,-,-,-
220613A,2022-06-13T14:34:06.202888,24.26,-,-,-
220613B,2022-06-13T16:40:26.640179,32.9,-,-,-
220613C,2022-06-13T19:38:08.727886,21.89,-,-,-
220613D,2022-06-13T20:27:38.816521,32.32,-,-,-
220614A,2022-06-14T15:57:38.616877,30.85,-,-,-
220614B,2022-06-14T19:04:27.675967,29.25,-,-,-
220614C,2022-06-14T19:43:26.795972,22.08,-,-,-
220615A,2022-06-15T02:26:27.345209,28.54,-,-,-
220615B,2022-06-15T13:55:15.749186,26.5,-,-,-
220615C,2022-06-15T15:58:23.872464,21.89,-,-,-
220615D,2022-06-15T18:25:07.680192,24.64,-,-,-
220615E,2022-06-15T18:26:07.144015,25.79,-,-,-
220616A,2022-06-16T04:59:12.960250,21.44,-,-,-
220616B,2022-06-16T06:12:05.778202,32.58,-,-,-
220616C,2022-06-16T13:40:56.185968,18.18,2022-06-16T13:41:02.201954,13.44,37.08
220616D,2022-06-16T18:38:16.205141,22.78,-,-,-
220617A,2022-06-17T03:37:51.280353,38.66,-,-,-
220618A,2022-06-18T00:11:02.736008,32.19,-,-,-
220618B,2022-06-18T16:29:16.094950,48.64,-,-,-
220618C,2022-06-18T17:45:07.992015,26.94,-,-,-
220619A,2022-06-19T02:06:23.042068,34.24,-,-,-
220619B,2022-06-19T13:26:19.600452,21.82,-,-,-
220619C,2022-06-19T14:36:29.800470,41.22,-,-,-
220619D,2022-06-19T20:46:01.312348,19.39,-,-,-
220619E,2022-06-19T23:25:01.664021,23.68,-,-,-
220620A,2022-06-20T04:05:54.113518,18.24,-,-,-
220620B,2022-06-20T11:18:47.306357,21.57,-,-,-
220620C,2022-06-20T12:49:06.828976,29.44,-,-,-
220620D,2022-06-20T15:21:06.112535,32.26,-,-,-
220620E,2022-06-20T19:26:59.157611,28.42,-,-,-
220620F,2022-06-20T21:38:50.080469,25.73,2022-06-20T21:38:55.264464,24.06,65.09
220621A,2022-06-21T04:17:07.552296,36.29,-,-,-
220621B,2022-06-21T11:04:53.522402,36.42,-,-,-
220621C,2022-06-21T20:45:19.728083,16.19,-,-,-
220621D,2022-06-21T21:07:20.240746,33.73,-,-,-
220622A,2022-06-22T02:32:50.000030,43.65,-,-,-
220622B,2022-06-22T03:21:50.000338,40.9,-,-,-
220622C,2022-06-22T12:13:47.864126,37.18,-,-,-
220622D,2022-06-22T13:27:01.776093,28.16,-,-,-
220622E,2022-06-22T14:15:24.721185,25.02,-,-,-
220622F,2022-06-22T16:27:01.776697,28.16,-,-,-
220622G,2022-06-22T16:47:49.648685,30.34,-,-,-
220622H,2022-06-22T19:35:14.752766,39.1,-,-,-
220623A,2022-06-23T12:01:53.569702,27.46,-,-,-
220623B,2022-06-23T12:03:30.001700,23.74,-,-,-
220623C,2022-06-23T13:36:49.000000,35.39,-,-,-
220623D,2022-06-23T15:15:31.000000,27.26,-,-,-
220623E,2022-06-23T17:04:16.336240,57.41,-,-,-
220624A,2022-06-24T00:59:27.678466,32.26,-,-,-
220624B,2022-06-24T02:11:29.168328,34.62,-,-,-
220624C,2022-06-24T10:42:58.220903,21.06,-,-,-
220624D,2022-06-24T18:02:19.488207,15.81,2022-06-24T18:02:28.064200,0.58,6.38
220624E,2022-06-24T18:16:35.778199,16.58,-,-,-
220625A,2022-06-25T22:59:15.906572,44.03,2022-06-25T22:59:16.674560,29.63,13.54
220626A,2022-06-26T17:46:04.128524,41.28,2022-06-26T17:46:11.872520,25.66,5.2
220626B,2022-06-26T17:59:21.792783,38.14,-,-,-
220626C,2022-06-26T18:20:40.896777,37.89,-,-,-
220626D,2022-06-26T22:06:35.776704,44.16,-,-,-
220627A,2022-06-27T00:19:34.864466,35.07,-,-,-
220627B,2022-06-27T01:57:51.744092,22.34,-,-,-
220627C,2022-06-27T10:38:37.448014,31.49,-,-,-
220627D,2022-06-27T11:51:54.344370,25.6,-,-,-
220627E,2022-06-27T12:20:27.120017,18.82,-,-,-
220627F,2022-06-27T13:01:13.328260,36.61,-,-,-
220627G,2022-06-27T21:23:40.000472,22.72,-,-,-
220627H,2022-06-27T21:25:30.000472,19.84,2022-06-27T21:25:40.432472,5.38,20.84
220628A,2022-06-28T01:22:33.969807,22.02,-,-,-
220628B,2022-06-28T12:32:45.456707,41.47,-,-,-
220628C,2022-06-28T19:50:24.961643,31.36,-,-,-
220629A,2022-06-29T06:04:30.482628,31.36,-,-,-
220629B,2022-06-29T06:12:06.866631,28.67,-,-,-
220629C,2022-06-29T08:56:50.999708,50.43,-,-,-
220629D,2022-06-29T21:59:25.629624,34.3,-,-,-
220629E,2022-06-29T22:37:51.728557,38.21,-,-,-
220630A,2022-06-30T03:46:56.053822,24.7,-,-,-
220630B,2022-06-30T05:42:16.311540,23.94,-,-,-
220630C,2022-06-30T07:09:46.101652,31.49,-,-,-
220630D,2022-06-30T11:24:26.274214,22.78,-,-,-
220630E,2022-06-30T13:55:56.992727,29.44,-,-,-
220630F,2022-06-30T14:32:02.208110,34.88,-,-,-
220630G,2022-06-30T19:54:50.002702,33.09,-,-,-
